,date,frequency,index
0,08/01/1990,1,1
1,09/01/1990,1,2
2,11/01/1990,2,3
3,12/01/1990,1,4
4,02/02/1990,1,5
5,06/02/1990,1,6
6,22/02/1990,1,7
7,01/03/1990,1,8
8,02/03/1990,1,9
9,03/03/1990,1,10
10,08/03/1990,1,11
11,09/03/1990,3,12
12,13/03/1990,1,13
13,19/03/1990,1,14
14,22/03/1990,1,15
15,04/04/1990,1,16
16,07/04/1990,2,17
17,09/04/1990,1,18
18,15/04/1990,1,19
19,16/04/1990,1,20
20,18/04/1990,1,21
21,19/04/1990,3,22
22,20/04/1990,1,23
23,23/04/1990,2,24
24,24/04/1990,1,25
25,25/04/1990,2,26
26,26/04/1990,1,27
27,27/04/1990,2,28
28,28/04/1990,1,29
29,29/04/1990,1,30
30,30/04/1990,1,31
31,01/05/1990,2,32
32,02/05/1990,1,33
33,03/05/1990,1,34
34,05/05/1990,3,35
35,07/05/1990,2,36
36,08/05/1990,2,37
37,10/05/1990,2,38
38,11/05/1990,1,39
39,13/05/1990,4,40
40,14/05/1990,2,41
41,15/05/1990,4,42
42,16/05/1990,2,43
43,18/05/1990,1,44
44,19/05/1990,1,45
45,20/05/1990,1,46
46,22/05/1990,2,47
47,23/05/1990,1,48
48,24/05/1990,2,49
49,26/05/1990,4,50
50,27/05/1990,3,51
51,29/05/1990,4,52
52,30/05/1990,2,53
53,31/05/1990,2,54
54,01/06/1990,2,55
55,04/06/1990,1,56
56,05/06/1990,1,57
57,06/06/1990,1,58
58,07/06/1990,3,59
59,08/06/1990,1,60
60,09/06/1990,2,61
61,11/06/1990,1,62
62,12/06/1990,2,63
63,14/06/1990,3,64
64,17/06/1990,1,65
65,18/06/1990,1,66
66,19/06/1990,2,67
67,20/06/1990,1,68
68,21/06/1990,1,69
69,22/06/1990,1,70
70,23/06/1990,5,71
71,26/06/1990,2,72
72,27/06/1990,1,73
73,28/06/1990,2,74
74,30/06/1990,1,75
75,01/07/1990,1,76
76,03/07/1990,2,77
77,05/07/1990,1,78
78,06/07/1990,2,79
79,07/07/1990,1,80
80,08/07/1990,4,81
81,09/07/1990,1,82
82,10/07/1990,2,83
83,11/07/1990,3,84
84,12/07/1990,1,85
85,13/07/1990,2,86
86,15/07/1990,2,87
87,16/07/1990,4,88
88,17/07/1990,2,89
89,19/07/1990,1,90
90,20/07/1990,1,91
91,21/07/1990,1,92
92,22/07/1990,1,93
93,23/07/1990,3,94
94,24/07/1990,1,95
95,25/07/1990,1,96
96,26/07/1990,2,97
97,28/07/1990,1,98
98,29/07/1990,3,99
99,30/07/1990,2,100
100,31/07/1990,1,101
101,01/08/1990,2,102
102,02/08/1990,2,103
103,03/08/1990,1,104
104,04/08/1990,2,105
105,05/08/1990,3,106
106,06/08/1990,3,107
107,09/08/1990,3,108
108,10/08/1990,1,109
109,12/08/1990,2,110
110,13/08/1990,2,111
111,15/08/1990,2,112
112,16/08/1990,2,113
113,17/08/1990,2,114
114,18/08/1990,2,115
115,19/08/1990,2,116
116,20/08/1990,2,117
117,21/08/1990,2,118
118,22/08/1990,1,119
119,23/08/1990,2,120
120,24/08/1990,4,121
121,25/08/1990,3,122
122,27/08/1990,3,123
123,28/08/1990,4,124
124,29/08/1990,3,125
125,30/08/1990,3,126
126,31/08/1990,5,127
127,01/09/1990,3,128
128,03/09/1990,1,129
129,04/09/1990,1,130
130,05/09/1990,3,131
131,06/09/1990,4,132
132,07/09/1990,4,133
133,09/09/1990,1,134
134,10/09/1990,9,135
135,11/09/1990,1,136
136,12/09/1990,3,137
137,13/09/1990,2,138
138,14/09/1990,3,139
139,15/09/1990,2,140
140,16/09/1990,2,141
141,17/09/1990,4,142
142,18/09/1990,4,143
143,20/09/1990,2,144
144,21/09/1990,4,145
145,22/09/1990,5,146
146,23/09/1990,2,147
147,24/09/1990,2,148
148,25/09/1990,4,149
149,26/09/1990,3,150
150,27/09/1990,5,151
151,28/09/1990,2,152
152,30/09/1990,5,153
153,01/10/1990,2,154
154,02/10/1990,1,155
155,04/10/1990,1,156
156,05/10/1990,1,157
157,06/10/1990,1,158
158,07/10/1990,1,159
159,09/10/1990,1,160
160,10/10/1990,5,161
161,11/10/1990,2,162
162,12/10/1990,5,163
163,13/10/1990,2,164
164,14/10/1990,1,165
165,15/10/1990,5,166
166,17/10/1990,1,167
167,18/10/1990,4,168
168,19/10/1990,2,169
169,20/10/1990,1,170
170,21/10/1990,2,171
171,22/10/1990,7,172
172,23/10/1990,3,173
173,24/10/1990,14,174
174,25/10/1990,7,175
175,26/10/1990,2,176
176,27/10/1990,2,177
177,28/10/1990,1,178
178,29/10/1990,1,179
179,30/10/1990,1,180
180,31/10/1990,3,181
181,01/11/1990,1,182
182,02/11/1990,3,183
183,03/11/1990,1,184
184,04/11/1990,3,185
185,05/11/1990,2,186
186,06/11/1990,4,187
187,07/11/1990,3,188
188,08/11/1990,4,189
189,09/11/1990,4,190
190,10/11/1990,2,191
191,11/11/1990,2,192
192,12/11/1990,3,193
193,13/11/1990,1,194
194,14/11/1990,1,195
195,16/11/1990,2,196
196,17/11/1990,1,197
197,18/11/1990,1,198
198,19/11/1990,2,199
199,21/11/1990,1,200
200,24/11/1990,1,201
201,26/11/1990,2,202
202,27/11/1990,3,203
203,28/11/1990,1,204
204,30/11/1990,1,205
205,03/12/1990,4,206
206,04/12/1990,2,207
207,05/12/1990,1,208
208,08/12/1990,1,209
209,09/12/1990,1,210
210,11/12/1990,2,211
211,13/12/1990,1,212
212,17/12/1990,2,213
213,20/12/1990,3,214
214,21/12/1990,1,215
215,22/12/1990,1,216
216,23/12/1990,1,217
217,24/12/1990,1,218
218,01/01/1991,1,219
219,02/01/1991,1,220
220,04/01/1991,1,221
221,05/01/1991,1,222
222,06/01/1991,2,223
223,07/01/1991,1,224
224,09/01/1991,1,225
225,14/01/1991,1,226
226,16/01/1991,1,227
227,19/01/1991,1,228
228,21/01/1991,1,229
229,22/01/1991,1,230
230,23/01/1991,2,231
231,24/01/1991,1,232
232,25/01/1991,1,233
233,31/01/1991,2,234
234,05/02/1991,2,235
235,07/02/1991,1,236
236,11/02/1991,1,237
237,19/02/1991,1,238
238,22/02/1991,2,239
239,23/02/1991,1,240
240,24/02/1991,2,241
241,26/02/1991,1,242
242,28/02/1991,2,243
243,03/03/1991,1,244
244,05/03/1991,2,245
245,06/03/1991,2,246
246,07/03/1991,1,247
247,08/03/1991,1,248
248,12/03/1991,1,249
249,13/03/1991,1,250
250,16/03/1991,1,251
251,18/03/1991,2,252
252,19/03/1991,3,253
253,20/03/1991,3,254
254,21/03/1991,1,255
255,22/03/1991,1,256
256,23/03/1991,1,257
257,24/03/1991,1,258
258,25/03/1991,2,259
259,26/03/1991,1,260
260,28/03/1991,2,261
261,29/03/1991,3,262
262,31/03/1991,1,263
263,04/04/1991,1,264
264,06/04/1991,1,265
265,07/04/1991,3,266
266,08/04/1991,2,267
267,09/04/1991,2,268
268,10/04/1991,1,269
269,12/04/1991,1,270
270,15/04/1991,3,271
271,16/04/1991,1,272
272,17/04/1991,5,273
273,18/04/1991,2,274
274,19/04/1991,1,275
275,21/04/1991,1,276
276,22/04/1991,1,277
277,23/04/1991,1,278
278,24/04/1991,3,279
279,25/04/1991,3,280
280,28/04/1991,2,281
281,01/05/1991,2,282
282,02/05/1991,2,283
283,03/05/1991,4,284
284,04/05/1991,3,285
285,05/05/1991,2,286
286,06/05/1991,3,287
287,07/05/1991,5,288
288,08/05/1991,2,289
289,09/05/1991,5,290
290,10/05/1991,3,291
291,11/05/1991,2,292
292,12/05/1991,3,293
293,13/05/1991,2,294
294,14/05/1991,2,295
295,15/05/1991,4,296
296,16/05/1991,1,297
297,17/05/1991,1,298
298,18/05/1991,1,299
299,19/05/1991,4,300
300,20/05/1991,3,301
301,22/05/1991,3,302
302,27/05/1991,1,303
303,29/05/1991,3,304
304,31/05/1991,2,305
305,02/06/1991,2,306
306,03/06/1991,1,307
307,05/06/1991,1,308
308,06/06/1991,1,309
309,07/06/1991,1,310
310,08/06/1991,1,311
311,09/06/1991,2,312
312,10/06/1991,1,313
313,11/06/1991,4,314
314,12/06/1991,1,315
315,13/06/1991,1,316
316,14/06/1991,1,317
317,15/06/1991,1,318
318,16/06/1991,1,319
319,17/06/1991,3,320
320,18/06/1991,1,321
321,19/06/1991,1,322
322,20/06/1991,1,323
323,22/06/1991,3,324
324,25/06/1991,2,325
325,26/06/1991,1,326
326,28/06/1991,1,327
327,29/06/1991,1,328
328,01/07/1991,1,329
329,02/07/1991,1,330
330,03/07/1991,3,331
331,05/07/1991,1,332
332,08/07/1991,2,333
333,09/07/1991,2,334
334,10/07/1991,3,335
335,11/07/1991,1,336
336,12/07/1991,2,337
337,13/07/1991,4,338
338,14/07/1991,2,339
339,16/07/1991,2,340
340,17/07/1991,2,341
341,18/07/1991,3,342
342,20/07/1991,1,343
343,22/07/1991,1,344
344,23/07/1991,2,345
345,24/07/1991,3,346
346,26/07/1991,1,347
347,27/07/1991,1,348
348,29/07/1991,2,349
349,31/07/1991,1,350
350,01/08/1991,2,351
351,02/08/1991,2,352
352,03/08/1991,4,353
353,04/08/1991,2,354
354,05/08/1991,2,355
355,06/08/1991,2,356
356,07/08/1991,4,357
357,08/08/1991,2,358
358,09/08/1991,2,359
359,11/08/1991,3,360
360,12/08/1991,3,361
361,15/08/1991,4,362
362,16/08/1991,2,363
363,17/08/1991,3,364
364,18/08/1991,3,365
365,19/08/1991,5,366
366,20/08/1991,2,367
367,21/08/1991,1,368
368,22/08/1991,1,369
369,23/08/1991,1,370
370,24/08/1991,1,371
371,25/08/1991,1,372
372,26/08/1991,3,373
373,28/08/1991,4,374
374,29/08/1991,5,375
375,30/08/1991,3,376
376,31/08/1991,2,377
377,01/09/1991,7,378
378,02/09/1991,4,379
379,03/09/1991,3,380
380,04/09/1991,5,381
381,05/09/1991,4,382
382,06/09/1991,1,383
383,07/09/1991,5,384
384,08/09/1991,3,385
385,09/09/1991,2,386
386,10/09/1991,4,387
387,11/09/1991,2,388
388,12/09/1991,6,389
389,13/09/1991,1,390
390,14/09/1991,1,391
391,15/09/1991,2,392
392,16/09/1991,2,393
393,17/09/1991,6,394
394,18/09/1991,4,395
395,19/09/1991,4,396
396,20/09/1991,7,397
397,21/09/1991,3,398
398,23/09/1991,5,399
399,24/09/1991,2,400
400,25/09/1991,2,401
401,26/09/1991,5,402
402,27/09/1991,1,403
403,30/09/1991,6,404
404,01/10/1991,1,405
405,02/10/1991,1,406
406,03/10/1991,3,407
407,04/10/1991,1,408
408,05/10/1991,2,409
409,06/10/1991,4,410
410,07/10/1991,5,411
411,08/10/1991,4,412
412,09/10/1991,4,413
413,10/10/1991,5,414
414,11/10/1991,4,415
415,12/10/1991,1,416
416,13/10/1991,3,417
417,14/10/1991,2,418
418,15/10/1991,4,419
419,16/10/1991,4,420
420,17/10/1991,3,421
421,18/10/1991,1,422
422,19/10/1991,1,423
423,20/10/1991,3,424
424,22/10/1991,2,425
425,23/10/1991,1,426
426,24/10/1991,1,427
427,25/10/1991,3,428
428,26/10/1991,2,429
429,29/10/1991,4,430
430,30/10/1991,3,431
431,31/10/1991,2,432
432,01/11/1991,2,433
433,02/11/1991,1,434
434,03/11/1991,6,435
435,04/11/1991,6,436
436,05/11/1991,1,437
437,06/11/1991,3,438
438,07/11/1991,1,439
439,08/11/1991,6,440
440,09/11/1991,1,441
441,10/11/1991,1,442
442,11/11/1991,5,443
443,12/11/1991,3,444
444,13/11/1991,1,445
445,14/11/1991,2,446
446,15/11/1991,1,447
447,16/11/1991,3,448
448,17/11/1991,3,449
449,18/11/1991,1,450
450,19/11/1991,1,451
451,20/11/1991,1,452
452,22/11/1991,5,453
453,23/11/1991,2,454
454,24/11/1991,1,455
455,25/11/1991,2,456
456,26/11/1991,3,457
457,27/11/1991,1,458
458,04/12/1991,2,459
459,05/12/1991,2,460
460,06/12/1991,2,461
461,07/12/1991,1,462
462,09/12/1991,1,463
463,10/12/1991,2,464
464,11/12/1991,3,465
465,12/12/1991,4,466
466,13/12/1991,2,467
467,17/12/1991,1,468
468,18/12/1991,1,469
469,19/12/1991,1,470
470,20/12/1991,1,471
471,21/12/1991,2,472
472,22/12/1991,2,473
473,24/12/1991,2,474
474,25/12/1991,1,475
475,30/12/1991,2,476
476,31/12/1991,2,477
477,02/01/1992,1,478
478,03/01/1992,2,479
479,05/01/1992,1,480
480,07/01/1992,1,481
481,10/01/1992,1,482
482,12/01/1992,1,483
483,17/01/1992,3,484
484,19/01/1992,1,485
485,20/01/1992,1,486
486,24/01/1992,2,487
487,25/01/1992,1,488
488,28/01/1992,1,489
489,29/01/1992,3,490
490,30/01/1992,1,491
491,31/01/1992,1,492
492,02/02/1992,1,493
493,04/02/1992,1,494
494,07/02/1992,1,495
495,11/02/1992,1,496
496,15/02/1992,1,497
497,16/02/1992,1,498
498,17/02/1992,2,499
499,18/02/1992,3,500
500,20/02/1992,1,501
501,21/02/1992,1,502
502,23/02/1992,1,503
503,28/02/1992,2,504
504,29/02/1992,1,505
505,04/03/1992,1,506
506,05/03/1992,1,507
507,06/03/1992,3,508
508,08/03/1992,1,509
509,09/03/1992,3,510
510,10/03/1992,1,511
511,11/03/1992,3,512
512,15/03/1992,2,513
513,21/03/1992,1,514
514,24/03/1992,3,515
515,26/03/1992,1,516
516,27/03/1992,1,517
517,30/03/1992,2,518
518,31/03/1992,1,519
519,03/04/1992,2,520
520,06/04/1992,1,521
521,07/04/1992,1,522
522,08/04/1992,1,523
523,09/04/1992,4,524
524,10/04/1992,1,525
525,11/04/1992,1,526
526,12/04/1992,1,527
527,13/04/1992,4,528
528,14/04/1992,4,529
529,15/04/1992,1,530
530,16/04/1992,1,531
531,17/04/1992,3,532
532,19/04/1992,2,533
533,20/04/1992,2,534
534,21/04/1992,3,535
535,22/04/1992,2,536
536,23/04/1992,7,537
537,25/04/1992,4,538
538,27/04/1992,4,539
539,28/04/1992,2,540
540,29/04/1992,1,541
541,30/04/1992,3,542
542,01/05/1992,2,543
543,02/05/1992,3,544
544,03/05/1992,2,545
545,06/05/1992,3,546
546,07/05/1992,3,547
547,08/05/1992,3,548
548,09/05/1992,5,549
549,11/05/1992,3,550
550,12/05/1992,3,551
551,13/05/1992,5,552
552,14/05/1992,3,553
553,15/05/1992,2,554
554,16/05/1992,2,555
555,17/05/1992,3,556
556,18/05/1992,2,557
557,19/05/1992,1,558
558,20/05/1992,3,559
559,21/05/1992,5,560
560,22/05/1992,2,561
561,24/05/1992,1,562
562,25/05/1992,5,563
563,26/05/1992,2,564
564,27/05/1992,7,565
565,28/05/1992,7,566
566,29/05/1992,2,567
567,30/05/1992,6,568
568,01/06/1992,3,569
569,02/06/1992,3,570
570,03/06/1992,1,571
571,04/06/1992,2,572
572,05/06/1992,3,573
573,06/06/1992,1,574
574,07/06/1992,2,575
575,08/06/1992,1,576
576,09/06/1992,4,577
577,11/06/1992,4,578
578,12/06/1992,2,579
579,13/06/1992,1,580
580,14/06/1992,3,581
581,15/06/1992,6,582
582,16/06/1992,7,583
583,18/06/1992,1,584
584,19/06/1992,2,585
585,20/06/1992,2,586
586,21/06/1992,3,587
587,22/06/1992,3,588
588,23/06/1992,1,589
589,24/06/1992,1,590
590,25/06/1992,4,591
591,26/06/1992,1,592
592,27/06/1992,2,593
593,29/06/1992,1,594
594,30/06/1992,1,595
595,01/07/1992,3,596
596,03/07/1992,2,597
597,04/07/1992,1,598
598,06/07/1992,1,599
599,07/07/1992,2,600
600,08/07/1992,3,601
601,09/07/1992,1,602
602,10/07/1992,6,603
603,11/07/1992,1,604
604,12/07/1992,2,605
605,14/07/1992,2,606
606,15/07/1992,2,607
607,16/07/1992,3,608
608,17/07/1992,1,609
609,18/07/1992,2,610
610,19/07/1992,2,611
611,20/07/1992,1,612
612,21/07/1992,1,613
613,22/07/1992,1,614
614,23/07/1992,3,615
615,24/07/1992,3,616
616,25/07/1992,3,617
617,26/07/1992,2,618
618,27/07/1992,2,619
619,28/07/1992,4,620
620,29/07/1992,2,621
621,30/07/1992,1,622
622,31/07/1992,3,623
623,01/08/1992,3,624
624,02/08/1992,1,625
625,03/08/1992,3,626
626,04/08/1992,1,627
627,05/08/1992,5,628
628,06/08/1992,2,629
629,07/08/1992,4,630
630,08/08/1992,6,631
631,10/08/1992,3,632
632,11/08/1992,1,633
633,12/08/1992,2,634
634,13/08/1992,4,635
635,14/08/1992,4,636
636,15/08/1992,4,637
637,16/08/1992,3,638
638,17/08/1992,3,639
639,18/08/1992,1,640
640,19/08/1992,3,641
641,20/08/1992,5,642
642,21/08/1992,3,643
643,22/08/1992,3,644
644,24/08/1992,2,645
645,25/08/1992,2,646
646,26/08/1992,5,647
647,27/08/1992,5,648
648,28/08/1992,7,649
649,29/08/1992,1,650
650,30/08/1992,5,651
651,31/08/1992,3,652
652,01/09/1992,2,653
653,02/09/1992,4,654
654,03/09/1992,2,655
655,04/09/1992,5,656
656,05/09/1992,1,657
657,06/09/1992,2,658
658,07/09/1992,3,659
659,08/09/1992,3,660
660,09/09/1992,4,661
661,10/09/1992,7,662
662,11/09/1992,5,663
663,12/09/1992,2,664
664,13/09/1992,3,665
665,15/09/1992,1,666
666,16/09/1992,1,667
667,17/09/1992,4,668
668,18/09/1992,1,669
669,19/09/1992,3,670
670,20/09/1992,4,671
671,22/09/1992,5,672
672,23/09/1992,7,673
673,24/09/1992,4,674
674,25/09/1992,1,675
675,26/09/1992,2,676
676,27/09/1992,4,677
677,28/09/1992,5,678
678,29/09/1992,3,679
679,30/09/1992,1,680
680,01/10/1992,2,681
681,02/10/1992,3,682
682,03/10/1992,2,683
683,04/10/1992,3,684
684,05/10/1992,8,685
685,06/10/1992,6,686
686,07/10/1992,1,687
687,08/10/1992,4,688
688,09/10/1992,4,689
689,10/10/1992,1,690
690,11/10/1992,4,691
691,12/10/1992,2,692
692,13/10/1992,3,693
693,14/10/1992,1,694
694,15/10/1992,2,695
695,16/10/1992,5,696
696,17/10/1992,3,697
697,18/10/1992,2,698
698,19/10/1992,3,699
699,20/10/1992,1,700
700,21/10/1992,2,701
701,22/10/1992,6,702
702,24/10/1992,3,703
703,25/10/1992,1,704
704,26/10/1992,4,705
705,27/10/1992,4,706
706,28/10/1992,2,707
707,30/10/1992,1,708
708,31/10/1992,5,709
709,01/11/1992,1,710
710,03/11/1992,3,711
711,04/11/1992,2,712
712,05/11/1992,1,713
713,06/11/1992,2,714
714,07/11/1992,1,715
715,09/11/1992,2,716
716,10/11/1992,2,717
717,11/11/1992,1,718
718,12/11/1992,2,719
719,15/11/1992,3,720
720,19/11/1992,1,721
721,20/11/1992,2,722
722,21/11/1992,1,723
723,23/11/1992,1,724
724,24/11/1992,1,725
725,26/11/1992,3,726
726,28/11/1992,1,727
727,29/11/1992,2,728
728,30/11/1992,3,729
729,01/12/1992,4,730
730,03/12/1992,1,731
731,04/12/1992,2,732
732,05/12/1992,1,733
733,15/12/1992,1,734
734,16/12/1992,1,735
735,18/12/1992,3,736
736,19/12/1992,1,737
737,20/12/1992,1,738
738,21/12/1992,1,739
739,22/12/1992,3,740
740,23/12/1992,1,741
741,27/12/1992,2,742
742,28/12/1992,2,743
743,02/01/1993,1,744
744,05/01/1993,1,745
745,09/01/1993,1,746
746,10/01/1993,2,747
747,11/01/1993,2,748
748,12/01/1993,1,749
749,20/01/1993,3,750
750,21/01/1993,1,751
751,24/01/1993,1,752
752,25/01/1993,2,753
753,26/01/1993,1,754
754,27/01/1993,1,755
755,28/01/1993,1,756
756,29/01/1993,1,757
757,02/02/1993,1,758
758,03/02/1993,2,759
759,07/02/1993,1,760
760,08/02/1993,1,761
761,09/02/1993,1,762
762,10/02/1993,1,763
763,11/02/1993,1,764
764,12/02/1993,1,765
765,15/02/1993,1,766
766,17/02/1993,1,767
767,23/02/1993,3,768
768,25/02/1993,2,769
769,27/02/1993,1,770
770,01/03/1993,1,771
771,03/03/1993,1,772
772,09/03/1993,1,773
773,10/03/1993,2,774
774,11/03/1993,2,775
775,16/03/1993,1,776
776,18/03/1993,1,777
777,20/03/1993,1,778
778,21/03/1993,1,779
779,23/03/1993,2,780
780,25/03/1993,3,781
781,26/03/1993,1,782
782,29/03/1993,2,783
783,30/03/1993,4,784
784,31/03/1993,2,785
785,01/04/1993,3,786
786,02/04/1993,2,787
787,04/04/1993,1,788
788,06/04/1993,2,789
789,07/04/1993,2,790
790,08/04/1993,4,791
791,12/04/1993,2,792
792,13/04/1993,3,793
793,14/04/1993,4,794
794,15/04/1993,3,795
795,16/04/1993,2,796
796,17/04/1993,2,797
797,18/04/1993,3,798
798,19/04/1993,8,799
799,20/04/1993,1,800
800,21/04/1993,1,801
801,22/04/1993,7,802
802,23/04/1993,3,803
803,24/04/1993,2,804
804,25/04/1993,1,805
805,26/04/1993,2,806
806,27/04/1993,2,807
807,28/04/1993,9,808
808,29/04/1993,2,809
809,30/04/1993,3,810
810,01/05/1993,3,811
811,02/05/1993,2,812
812,03/05/1993,3,813
813,04/05/1993,6,814
814,05/05/1993,3,815
815,06/05/1993,3,816
816,07/05/1993,1,817
817,08/05/1993,3,818
818,09/05/1993,3,819
819,10/05/1993,5,820
820,11/05/1993,6,821
821,12/05/1993,1,822
822,13/05/1993,1,823
823,14/05/1993,3,824
824,15/05/1993,3,825
825,17/05/1993,1,826
826,18/05/1993,2,827
827,19/05/1993,4,828
828,20/05/1993,2,829
829,21/05/1993,2,830
830,22/05/1993,1,831
831,24/05/1993,3,832
832,25/05/1993,4,833
833,26/05/1993,2,834
834,27/05/1993,2,835
835,29/05/1993,2,836
836,30/05/1993,1,837
837,31/05/1993,2,838
838,01/06/1993,4,839
839,03/06/1993,2,840
840,05/06/1993,2,841
841,06/06/1993,2,842
842,08/06/1993,2,843
843,09/06/1993,1,844
844,10/06/1993,1,845
845,14/06/1993,2,846
846,15/06/1993,5,847
847,16/06/1993,5,848
848,19/06/1993,4,849
849,20/06/1993,2,850
850,22/06/1993,2,851
851,23/06/1993,1,852
852,24/06/1993,2,853
853,26/06/1993,1,854
854,27/06/1993,2,855
855,28/06/1993,2,856
856,29/06/1993,3,857
857,30/06/1993,2,858
858,01/07/1993,3,859
859,02/07/1993,3,860
860,03/07/1993,3,861
861,04/07/1993,2,862
862,05/07/1993,2,863
863,06/07/1993,4,864
864,07/07/1993,4,865
865,08/07/1993,1,866
866,09/07/1993,2,867
867,11/07/1993,1,868
868,12/07/1993,3,869
869,13/07/1993,4,870
870,14/07/1993,1,871
871,15/07/1993,2,872
872,17/07/1993,3,873
873,18/07/1993,1,874
874,19/07/1993,1,875
875,20/07/1993,2,876
876,21/07/1993,2,877
877,22/07/1993,2,878
878,23/07/1993,7,879
879,24/07/1993,3,880
880,25/07/1993,2,881
881,26/07/1993,4,882
882,27/07/1993,3,883
883,28/07/1993,1,884
884,29/07/1993,4,885
885,30/07/1993,6,886
886,31/07/1993,1,887
887,01/08/1993,5,888
888,02/08/1993,2,889
889,03/08/1993,3,890
890,04/08/1993,4,891
891,05/08/1993,1,892
892,06/08/1993,2,893
893,07/08/1993,2,894
894,08/08/1993,4,895
895,09/08/1993,6,896
896,10/08/1993,4,897
897,11/08/1993,2,898
898,12/08/1993,1,899
899,13/08/1993,5,900
900,14/08/1993,5,901
901,15/08/1993,4,902
902,16/08/1993,4,903
903,17/08/1993,1,904
904,18/08/1993,6,905
905,19/08/1993,1,906
906,20/08/1993,8,907
907,21/08/1993,2,908
908,22/08/1993,3,909
909,23/08/1993,1,910
910,24/08/1993,5,911
911,25/08/1993,2,912
912,27/08/1993,1,913
913,28/08/1993,6,914
914,29/08/1993,4,915
915,30/08/1993,4,916
916,31/08/1993,5,917
917,01/09/1993,3,918
918,02/09/1993,1,919
919,03/09/1993,8,920
920,04/09/1993,3,921
921,06/09/1993,2,922
922,07/09/1993,2,923
923,08/09/1993,4,924
924,09/09/1993,2,925
925,10/09/1993,1,926
926,13/09/1993,2,927
927,14/09/1993,1,928
928,15/09/1993,4,929
929,16/09/1993,4,930
930,17/09/1993,2,931
931,18/09/1993,4,932
932,19/09/1993,3,933
933,20/09/1993,6,934
934,21/09/1993,5,935
935,22/09/1993,2,936
936,23/09/1993,3,937
937,24/09/1993,4,938
938,25/09/1993,6,939
939,26/09/1993,4,940
940,27/09/1993,7,941
941,28/09/1993,5,942
942,29/09/1993,4,943
943,30/09/1993,2,944
944,01/10/1993,6,945
945,02/10/1993,3,946
946,03/10/1993,3,947
947,04/10/1993,2,948
948,05/10/1993,4,949
949,06/10/1993,4,950
950,07/10/1993,2,951
951,08/10/1993,2,952
952,09/10/1993,2,953
953,10/10/1993,6,954
954,13/10/1993,3,955
955,14/10/1993,2,956
956,15/10/1993,2,957
957,17/10/1993,1,958
958,18/10/1993,6,959
959,19/10/1993,1,960
960,20/10/1993,3,961
961,21/10/1993,5,962
962,22/10/1993,3,963
963,23/10/1993,1,964
964,24/10/1993,3,965
965,25/10/1993,4,966
966,26/10/1993,5,967
967,27/10/1993,3,968
968,28/10/1993,3,969
969,30/10/1993,2,970
970,31/10/1993,2,971
971,01/11/1993,3,972
972,02/11/1993,2,973
973,03/11/1993,4,974
974,04/11/1993,1,975
975,05/11/1993,3,976
976,07/11/1993,4,977
977,08/11/1993,1,978
978,09/11/1993,2,979
979,10/11/1993,3,980
980,11/11/1993,2,981
981,12/11/1993,2,982
982,13/11/1993,2,983
983,15/11/1993,1,984
984,16/11/1993,3,985
985,17/11/1993,1,986
986,18/11/1993,1,987
987,19/11/1993,3,988
988,21/11/1993,1,989
989,22/11/1993,1,990
990,23/11/1993,1,991
991,25/11/1993,1,992
992,27/11/1993,1,993
993,29/11/1993,2,994
994,30/11/1993,2,995
995,01/12/1993,2,996
996,04/12/1993,1,997
997,08/12/1993,1,998
998,12/12/1993,3,999
999,14/12/1993,1,1000
1000,15/12/1993,2,1001
1001,17/12/1993,1,1002
1002,18/12/1993,1,1003
1003,19/12/1993,1,1004
1004,22/12/1993,1,1005
1005,29/12/1993,2,1006
1006,31/12/1993,1,1007
1007,01/01/1994,2,1008
1008,02/01/1994,2,1009
1009,04/01/1994,4,1010
1010,09/01/1994,1,1011
1011,10/01/1994,1,1012
1012,14/01/1994,1,1013
1013,15/01/1994,1,1014
1014,20/01/1994,3,1015
1015,23/01/1994,1,1016
1016,24/01/1994,2,1017
1017,25/01/1994,1,1018
1018,26/01/1994,1,1019
1019,27/01/1994,1,1020
1020,29/01/1994,2,1021
1021,02/02/1994,2,1022
1022,06/02/1994,3,1023
1023,08/02/1994,3,1024
1024,10/02/1994,1,1025
1025,11/02/1994,1,1026
1026,12/02/1994,1,1027
1027,14/02/1994,1,1028
1028,15/02/1994,1,1029
1029,17/02/1994,1,1030
1030,18/02/1994,3,1031
1031,20/02/1994,1,1032
1032,24/02/1994,1,1033
1033,25/02/1994,1,1034
1034,27/02/1994,1,1035
1035,28/02/1994,4,1036
1036,02/03/1994,1,1037
1037,03/03/1994,1,1038
1038,04/03/1994,4,1039
1039,05/03/1994,1,1040
1040,08/03/1994,2,1041
1041,09/03/1994,2,1042
1042,12/03/1994,1,1043
1043,13/03/1994,2,1044
1044,15/03/1994,3,1045
1045,16/03/1994,1,1046
1046,18/03/1994,5,1047
1047,19/03/1994,1,1048
1048,20/03/1994,1,1049
1049,21/03/1994,1,1050
1050,22/03/1994,2,1051
1051,23/03/1994,2,1052
1052,24/03/1994,1,1053
1053,26/03/1994,1,1054
1054,28/03/1994,1,1055
1055,29/03/1994,2,1056
1056,30/03/1994,1,1057
1057,31/03/1994,1,1058
1058,01/04/1994,2,1059
1059,02/04/1994,1,1060
1060,03/04/1994,2,1061
1061,04/04/1994,1,1062
1062,07/04/1994,1,1063
1063,08/04/1994,1,1064
1064,09/04/1994,4,1065
1065,11/04/1994,2,1066
1066,12/04/1994,3,1067
1067,13/04/1994,1,1068
1068,14/04/1994,1,1069
1069,15/04/1994,1,1070
1070,17/04/1994,2,1071
1071,18/04/1994,2,1072
1072,21/04/1994,2,1073
1073,22/04/1994,3,1074
1074,23/04/1994,3,1075
1075,25/04/1994,2,1076
1076,26/04/1994,3,1077
1077,27/04/1994,1,1078
1078,28/04/1994,1,1079
1079,29/04/1994,6,1080
1080,30/04/1994,2,1081
1081,01/05/1994,2,1082
1082,02/05/1994,1,1083
1083,04/05/1994,3,1084
1084,05/05/1994,3,1085
1085,06/05/1994,3,1086
1086,07/05/1994,1,1087
1087,08/05/1994,1,1088
1088,09/05/1994,4,1089
1089,10/05/1994,3,1090
1090,11/05/1994,6,1091
1091,12/05/1994,4,1092
1092,14/05/1994,1,1093
1093,15/05/1994,5,1094
1094,16/05/1994,1,1095
1095,17/05/1994,3,1096
1096,18/05/1994,2,1097
1097,19/05/1994,5,1098
1098,20/05/1994,1,1099
1099,21/05/1994,1,1100
1100,22/05/1994,2,1101
1101,23/05/1994,2,1102
1102,24/05/1994,1,1103
1103,25/05/1994,3,1104
1104,26/05/1994,1,1105
1105,27/05/1994,1,1106
1106,28/05/1994,4,1107
1107,30/05/1994,1,1108
1108,31/05/1994,1,1109
1109,01/06/1994,2,1110
1110,04/06/1994,2,1111
1111,05/06/1994,2,1112
1112,07/06/1994,2,1113
1113,08/06/1994,1,1114
1114,09/06/1994,1,1115
1115,10/06/1994,1,1116
1116,11/06/1994,1,1117
1117,12/06/1994,2,1118
1118,13/06/1994,1,1119
1119,14/06/1994,2,1120
1120,15/06/1994,2,1121
1121,16/06/1994,2,1122
1122,17/06/1994,1,1123
1123,18/06/1994,1,1124
1124,19/06/1994,3,1125
1125,20/06/1994,1,1126
1126,21/06/1994,2,1127
1127,25/06/1994,2,1128
1128,26/06/1994,2,1129
1129,27/06/1994,1,1130
1130,28/06/1994,2,1131
1131,30/06/1994,3,1132
1132,01/07/1994,3,1133
1133,03/07/1994,2,1134
1134,04/07/1994,3,1135
1135,05/07/1994,2,1136
1136,06/07/1994,2,1137
1137,07/07/1994,1,1138
1138,08/07/1994,1,1139
1139,09/07/1994,1,1140
1140,12/07/1994,1,1141
1141,14/07/1994,2,1142
1142,15/07/1994,8,1143
1143,16/07/1994,2,1144
1144,17/07/1994,2,1145
1145,18/07/1994,5,1146
1146,19/07/1994,3,1147
1147,20/07/1994,2,1148
1148,21/07/1994,2,1149
1149,22/07/1994,3,1150
1150,23/07/1994,1,1151
1151,24/07/1994,1,1152
1152,25/07/1994,1,1153
1153,26/07/1994,4,1154
1154,27/07/1994,6,1155
1155,28/07/1994,3,1156
1156,29/07/1994,5,1157
1157,30/07/1994,1,1158
1158,31/07/1994,2,1159
1159,01/08/1994,4,1160
1160,02/08/1994,2,1161
1161,03/08/1994,5,1162
1162,04/08/1994,5,1163
1163,05/08/1994,5,1164
1164,06/08/1994,3,1165
1165,07/08/1994,3,1166
1166,08/08/1994,2,1167
1167,09/08/1994,2,1168
1168,10/08/1994,2,1169
1169,11/08/1994,1,1170
1170,12/08/1994,4,1171
1171,13/08/1994,4,1172
1172,14/08/1994,4,1173
1173,15/08/1994,1,1174
1174,16/08/1994,2,1175
1175,17/08/1994,1,1176
1176,18/08/1994,1,1177
1177,19/08/1994,7,1178
1178,20/08/1994,2,1179
1179,21/08/1994,4,1180
1180,22/08/1994,3,1181
1181,23/08/1994,1,1182
1182,24/08/1994,3,1183
1183,25/08/1994,2,1184
1184,26/08/1994,3,1185
1185,27/08/1994,2,1186
1186,28/08/1994,4,1187
1187,29/08/1994,6,1188
1188,30/08/1994,2,1189
1189,31/08/1994,3,1190
1190,01/09/1994,4,1191
1191,02/09/1994,3,1192
1192,03/09/1994,3,1193
1193,04/09/1994,1,1194
1194,05/09/1994,2,1195
1195,06/09/1994,7,1196
1196,07/09/1994,1,1197
1197,08/09/1994,4,1198
1198,09/09/1994,5,1199
1199,10/09/1994,2,1200
1200,11/09/1994,5,1201
1201,12/09/1994,2,1202
1202,13/09/1994,5,1203
1203,14/09/1994,4,1204
1204,15/09/1994,1,1205
1205,16/09/1994,4,1206
1206,17/09/1994,3,1207
1207,18/09/1994,4,1208
1208,19/09/1994,2,1209
1209,20/09/1994,3,1210
1210,21/09/1994,3,1211
1211,22/09/1994,6,1212
1212,23/09/1994,3,1213
1213,24/09/1994,2,1214
1214,25/09/1994,3,1215
1215,26/09/1994,4,1216
1216,27/09/1994,5,1217
1217,28/09/1994,6,1218
1218,29/09/1994,3,1219
1219,30/09/1994,1,1220
1220,01/10/1994,2,1221
1221,02/10/1994,3,1222
1222,03/10/1994,2,1223
1223,04/10/1994,4,1224
1224,05/10/1994,6,1225
1225,06/10/1994,1,1226
1226,07/10/1994,2,1227
1227,08/10/1994,4,1228
1228,09/10/1994,1,1229
1229,10/10/1994,10,1230
1230,11/10/1994,1,1231
1231,13/10/1994,2,1232
1232,14/10/1994,2,1233
1233,15/10/1994,1,1234
1234,16/10/1994,4,1235
1235,17/10/1994,1,1236
1236,18/10/1994,3,1237
1237,19/10/1994,1,1238
1238,20/10/1994,3,1239
1239,21/10/1994,5,1240
1240,22/10/1994,4,1241
1241,23/10/1994,6,1242
1242,24/10/1994,1,1243
1243,25/10/1994,3,1244
1244,26/10/1994,1,1245
1245,27/10/1994,5,1246
1246,29/10/1994,2,1247
1247,30/10/1994,3,1248
1248,31/10/1994,2,1249
1249,01/11/1994,2,1250
1250,02/11/1994,1,1251
1251,03/11/1994,2,1252
1252,04/11/1994,1,1253
1253,05/11/1994,1,1254
1254,06/11/1994,1,1255
1255,07/11/1994,3,1256
1256,08/11/1994,3,1257
1257,09/11/1994,3,1258
1258,10/11/1994,2,1259
1259,11/11/1994,5,1260
1260,12/11/1994,2,1261
1261,13/11/1994,3,1262
1262,14/11/1994,6,1263
1263,15/11/1994,3,1264
1264,16/11/1994,2,1265
1265,17/11/1994,1,1266
1266,18/11/1994,2,1267
1267,19/11/1994,1,1268
1268,20/11/1994,1,1269
1269,21/11/1994,5,1270
1270,22/11/1994,1,1271
1271,23/11/1994,3,1272
1272,26/11/1994,1,1273
1273,27/11/1994,2,1274
1274,28/11/1994,1,1275
1275,29/11/1994,4,1276
1276,30/11/1994,2,1277
1277,01/12/1994,1,1278
1278,02/12/1994,1,1279
1279,05/12/1994,1,1280
1280,06/12/1994,1,1281
1281,07/12/1994,1,1282
1282,09/12/1994,1,1283
1283,10/12/1994,1,1284
1284,11/12/1994,1,1285
1285,13/12/1994,1,1286
1286,14/12/1994,1,1287
1287,16/12/1994,1,1288
1288,21/12/1994,1,1289
1289,27/12/1994,1,1290
1290,28/12/1994,3,1291
1291,30/12/1994,1,1292
1292,31/12/1994,1,1293
1293,01/01/1995,2,1294
1294,02/01/1995,2,1295
1295,04/01/1995,1,1296
1296,07/01/1995,2,1297
1297,10/01/1995,3,1298
1298,12/01/1995,1,1299
1299,14/01/1995,1,1300
1300,19/01/1995,1,1301
1301,21/01/1995,1,1302
1302,22/01/1995,1,1303
1303,24/01/1995,1,1304
1304,25/01/1995,2,1305
1305,29/01/1995,1,1306
1306,03/02/1995,1,1307
1307,04/02/1995,2,1308
1308,05/02/1995,2,1309
1309,08/02/1995,2,1310
1310,09/02/1995,1,1311
1311,10/02/1995,1,1312
1312,11/02/1995,1,1313
1313,15/02/1995,1,1314
1314,17/02/1995,1,1315
1315,18/02/1995,1,1316
1316,20/02/1995,1,1317
1317,21/02/1995,1,1318
1318,23/02/1995,1,1319
1319,27/02/1995,2,1320
1320,28/02/1995,1,1321
1321,01/03/1995,2,1322
1322,03/03/1995,1,1323
1323,04/03/1995,1,1324
1324,05/03/1995,1,1325
1325,06/03/1995,3,1326
1326,07/03/1995,2,1327
1327,09/03/1995,2,1328
1328,13/03/1995,4,1329
1329,14/03/1995,6,1330
1330,15/03/1995,2,1331
1331,16/03/1995,1,1332
1332,17/03/1995,1,1333
1333,19/03/1995,4,1334
1334,20/03/1995,2,1335
1335,21/03/1995,4,1336
1336,22/03/1995,1,1337
1337,24/03/1995,1,1338
1338,25/03/1995,2,1339
1339,26/03/1995,1,1340
1340,27/03/1995,3,1341
1341,30/03/1995,1,1342
1342,31/03/1995,4,1343
1343,02/04/1995,2,1344
1344,03/04/1995,4,1345
1345,04/04/1995,5,1346
1346,05/04/1995,3,1347
1347,08/04/1995,1,1348
1348,09/04/1995,1,1349
1349,11/04/1995,2,1350
1350,12/04/1995,3,1351
1351,13/04/1995,3,1352
1352,14/04/1995,3,1353
1353,16/04/1995,1,1354
1354,17/04/1995,4,1355
1355,18/04/1995,4,1356
1356,19/04/1995,3,1357
1357,20/04/1995,2,1358
1358,21/04/1995,3,1359
1359,22/04/1995,2,1360
1360,24/04/1995,1,1361
1361,25/04/1995,2,1362
1362,26/04/1995,3,1363
1363,27/04/1995,5,1364
1364,28/04/1995,3,1365
1365,29/04/1995,1,1366
1366,30/04/1995,2,1367
1367,03/05/1995,9,1368
1368,04/05/1995,4,1369
1369,05/05/1995,2,1370
1370,06/05/1995,1,1371
1371,07/05/1995,1,1372
1372,08/05/1995,1,1373
1373,09/05/1995,5,1374
1374,10/05/1995,3,1375
1375,12/05/1995,2,1376
1376,13/05/1995,2,1377
1377,14/05/1995,1,1378
1378,15/05/1995,3,1379
1379,16/05/1995,4,1380
1380,17/05/1995,3,1381
1381,18/05/1995,1,1382
1382,19/05/1995,1,1383
1383,20/05/1995,1,1384
1384,21/05/1995,1,1385
1385,22/05/1995,4,1386
1386,23/05/1995,2,1387
1387,24/05/1995,4,1388
1388,25/05/1995,3,1389
1389,26/05/1995,2,1390
1390,27/05/1995,1,1391
1391,28/05/1995,2,1392
1392,30/05/1995,4,1393
1393,31/05/1995,2,1394
1394,02/06/1995,1,1395
1395,04/06/1995,2,1396
1396,05/06/1995,1,1397
1397,06/06/1995,1,1398
1398,07/06/1995,2,1399
1399,08/06/1995,1,1400
1400,09/06/1995,4,1401
1401,10/06/1995,1,1402
1402,11/06/1995,3,1403
1403,13/06/1995,1,1404
1404,15/06/1995,1,1405
1405,16/06/1995,2,1406
1406,17/06/1995,1,1407
1407,18/06/1995,1,1408
1408,19/06/1995,2,1409
1409,20/06/1995,1,1410
1410,21/06/1995,2,1411
1411,22/06/1995,1,1412
1412,23/06/1995,2,1413
1413,24/06/1995,2,1414
1414,26/06/1995,2,1415
1415,27/06/1995,2,1416
1416,28/06/1995,4,1417
1417,29/06/1995,1,1418
1418,30/06/1995,2,1419
1419,01/07/1995,1,1420
1420,02/07/1995,1,1421
1421,03/07/1995,1,1422
1422,05/07/1995,2,1423
1423,06/07/1995,2,1424
1424,07/07/1995,4,1425
1425,08/07/1995,3,1426
1426,09/07/1995,1,1427
1427,10/07/1995,3,1428
1428,11/07/1995,1,1429
1429,12/07/1995,4,1430
1430,13/07/1995,2,1431
1431,15/07/1995,1,1432
1432,16/07/1995,5,1433
1433,17/07/1995,3,1434
1434,18/07/1995,5,1435
1435,20/07/1995,1,1436
1436,21/07/1995,5,1437
1437,22/07/1995,3,1438
1438,23/07/1995,2,1439
1439,24/07/1995,3,1440
1440,25/07/1995,3,1441
1441,27/07/1995,2,1442
1442,28/07/1995,2,1443
1443,29/07/1995,4,1444
1444,30/07/1995,2,1445
1445,31/07/1995,4,1446
1446,01/08/1995,6,1447
1447,02/08/1995,3,1448
1448,03/08/1995,5,1449
1449,04/08/1995,5,1450
1450,05/08/1995,1,1451
1451,06/08/1995,2,1452
1452,07/08/1995,3,1453
1453,08/08/1995,3,1454
1454,09/08/1995,4,1455
1455,10/08/1995,5,1456
1456,11/08/1995,2,1457
1457,12/08/1995,3,1458
1458,13/08/1995,2,1459
1459,14/08/1995,1,1460
1460,15/08/1995,2,1461
1461,16/08/1995,4,1462
1462,17/08/1995,3,1463
1463,18/08/1995,1,1464
1464,19/08/1995,1,1465
1465,21/08/1995,1,1466
1466,22/08/1995,4,1467
1467,23/08/1995,3,1468
1468,24/08/1995,1,1469
1469,25/08/1995,6,1470
1470,27/08/1995,3,1471
1471,28/08/1995,4,1472
1472,29/08/1995,4,1473
1473,31/08/1995,3,1474
1474,01/09/1995,3,1475
1475,02/09/1995,2,1476
1476,03/09/1995,1,1477
1477,04/09/1995,1,1478
1478,05/09/1995,3,1479
1479,06/09/1995,2,1480
1480,07/09/1995,3,1481
1481,08/09/1995,4,1482
1482,09/09/1995,4,1483
1483,10/09/1995,2,1484
1484,11/09/1995,2,1485
1485,12/09/1995,1,1486
1486,13/09/1995,6,1487
1487,14/09/1995,5,1488
1488,16/09/1995,1,1489
1489,17/09/1995,3,1490
1490,18/09/1995,1,1491
1491,19/09/1995,3,1492
1492,20/09/1995,1,1493
1493,21/09/1995,3,1494
1494,22/09/1995,7,1495
1495,23/09/1995,5,1496
1496,24/09/1995,2,1497
1497,25/09/1995,7,1498
1498,26/09/1995,4,1499
1499,27/09/1995,2,1500
1500,28/09/1995,9,1501
1501,29/09/1995,3,1502
1502,30/09/1995,5,1503
1503,01/10/1995,6,1504
1504,02/10/1995,6,1505
1505,03/10/1995,2,1506
1506,04/10/1995,1,1507
1507,05/10/1995,3,1508
1508,06/10/1995,5,1509
1509,07/10/1995,6,1510
1510,08/10/1995,3,1511
1511,09/10/1995,1,1512
1512,10/10/1995,5,1513
1513,11/10/1995,3,1514
1514,12/10/1995,1,1515
1515,13/10/1995,1,1516
1516,14/10/1995,5,1517
1517,16/10/1995,4,1518
1518,17/10/1995,5,1519
1519,18/10/1995,2,1520
1520,19/10/1995,4,1521
1521,20/10/1995,2,1522
1522,21/10/1995,2,1523
1523,22/10/1995,1,1524
1524,24/10/1995,1,1525
1525,25/10/1995,11,1526
1526,26/10/1995,6,1527
1527,27/10/1995,8,1528
1528,28/10/1995,4,1529
1529,29/10/1995,2,1530
1530,30/10/1995,2,1531
1531,31/10/1995,2,1532
1532,01/11/1995,3,1533
1533,02/11/1995,6,1534
1534,03/11/1995,3,1535
1535,04/11/1995,5,1536
1536,05/11/1995,4,1537
1537,06/11/1995,3,1538
1538,07/11/1995,3,1539
1539,08/11/1995,2,1540
1540,09/11/1995,4,1541
1541,10/11/1995,1,1542
1542,11/11/1995,2,1543
1543,12/11/1995,1,1544
1544,13/11/1995,3,1545
1545,16/11/1995,4,1546
1546,17/11/1995,1,1547
1547,18/11/1995,5,1548
1548,19/11/1995,1,1549
1549,21/11/1995,1,1550
1550,22/11/1995,1,1551
1551,23/11/1995,1,1552
1552,24/11/1995,2,1553
1553,25/11/1995,1,1554
1554,27/11/1995,1,1555
1555,30/11/1995,2,1556
1556,02/12/1995,1,1557
1557,05/12/1995,1,1558
1558,06/12/1995,2,1559
1559,07/12/1995,1,1560
1560,09/12/1995,3,1561
1561,10/12/1995,3,1562
1562,12/12/1995,2,1563
1563,13/12/1995,1,1564
1564,14/12/1995,1,1565
1565,16/12/1995,3,1566
1566,18/12/1995,3,1567
1567,19/12/1995,3,1568
1568,20/12/1995,1,1569
1569,21/12/1995,1,1570
1570,22/12/1995,1,1571
1571,24/12/1995,2,1572
1572,26/12/1995,1,1573
1573,28/12/1995,2,1574
1574,29/12/1995,1,1575
1575,30/12/1995,2,1576
1576,31/12/1995,2,1577
1577,02/01/1996,3,1578
1578,03/01/1996,3,1579
1579,04/01/1996,1,1580
1580,05/01/1996,2,1581
1581,08/01/1996,1,1582
1582,09/01/1996,3,1583
1583,10/01/1996,1,1584
1584,11/01/1996,3,1585
1585,12/01/1996,1,1586
1586,13/01/1996,1,1587
1587,14/01/1996,2,1588
1588,17/01/1996,2,1589
1589,19/01/1996,5,1590
1590,23/01/1996,1,1591
1591,24/01/1996,1,1592
1592,25/01/1996,1,1593
1593,26/01/1996,2,1594
1594,27/01/1996,2,1595
1595,29/01/1996,2,1596
1596,30/01/1996,4,1597
1597,31/01/1996,3,1598
1598,04/02/1996,1,1599
1599,12/02/1996,2,1600
1600,20/02/1996,1,1601
1601,21/02/1996,2,1602
1602,22/02/1996,1,1603
1603,23/02/1996,1,1604
1604,24/02/1996,1,1605
1605,25/02/1996,3,1606
1606,26/02/1996,1,1607
1607,28/02/1996,4,1608
1608,02/03/1996,2,1609
1609,03/03/1996,2,1610
1610,04/03/1996,1,1611
1611,07/03/1996,4,1612
1612,09/03/1996,1,1613
1613,11/03/1996,5,1614
1614,12/03/1996,1,1615
1615,13/03/1996,1,1616
1616,14/03/1996,1,1617
1617,16/03/1996,2,1618
1618,17/03/1996,2,1619
1619,20/03/1996,1,1620
1620,21/03/1996,2,1621
1621,22/03/1996,2,1622
1622,23/03/1996,1,1623
1623,24/03/1996,3,1624
1624,26/03/1996,1,1625
1625,29/03/1996,1,1626
1626,31/03/1996,2,1627
1627,01/04/1996,2,1628
1628,02/04/1996,1,1629
1629,03/04/1996,4,1630
1630,07/04/1996,1,1631
1631,09/04/1996,1,1632
1632,11/04/1996,2,1633
1633,12/04/1996,1,1634
1634,13/04/1996,1,1635
1635,15/04/1996,3,1636
1636,16/04/1996,1,1637
1637,17/04/1996,3,1638
1638,18/04/1996,1,1639
1639,19/04/1996,1,1640
1640,21/04/1996,3,1641
1641,22/04/1996,1,1642
1642,23/04/1996,3,1643
1643,25/04/1996,2,1644
1644,26/04/1996,3,1645
1645,27/04/1996,1,1646
1646,28/04/1996,3,1647
1647,30/04/1996,1,1648
1648,02/05/1996,4,1649
1649,03/05/1996,2,1650
1650,04/05/1996,1,1651
1651,05/05/1996,2,1652
1652,06/05/1996,2,1653
1653,07/05/1996,5,1654
1654,08/05/1996,4,1655
1655,09/05/1996,1,1656
1656,10/05/1996,3,1657
1657,11/05/1996,4,1658
1658,12/05/1996,2,1659
1659,13/05/1996,2,1660
1660,14/05/1996,7,1661
1661,15/05/1996,1,1662
1662,16/05/1996,3,1663
1663,17/05/1996,2,1664
1664,18/05/1996,2,1665
1665,19/05/1996,4,1666
1666,20/05/1996,2,1667
1667,22/05/1996,2,1668
1668,23/05/1996,4,1669
1669,24/05/1996,1,1670
1670,25/05/1996,4,1671
1671,28/05/1996,1,1672
1672,29/05/1996,4,1673
1673,30/05/1996,6,1674
1674,31/05/1996,3,1675
1675,02/06/1996,2,1676
1676,06/06/1996,1,1677
1677,08/06/1996,1,1678
1678,09/06/1996,1,1679
1679,11/06/1996,6,1680
1680,12/06/1996,1,1681
1681,13/06/1996,1,1682
1682,15/06/1996,1,1683
1683,16/06/1996,1,1684
1684,18/06/1996,1,1685
1685,20/06/1996,2,1686
1686,22/06/1996,1,1687
1687,24/06/1996,2,1688
1688,25/06/1996,2,1689
1689,26/06/1996,5,1690
1690,27/06/1996,1,1691
1691,28/06/1996,1,1692
1692,29/06/1996,3,1693
1693,30/06/1996,1,1694
1694,01/07/1996,1,1695
1695,02/07/1996,3,1696
1696,04/07/1996,3,1697
1697,06/07/1996,1,1698
1698,08/07/1996,1,1699
1699,09/07/1996,1,1700
1700,10/07/1996,3,1701
1701,11/07/1996,2,1702
1702,12/07/1996,5,1703
1703,13/07/1996,1,1704
1704,14/07/1996,1,1705
1705,15/07/1996,2,1706
1706,16/07/1996,3,1707
1707,17/07/1996,2,1708
1708,18/07/1996,1,1709
1709,19/07/1996,3,1710
1710,20/07/1996,2,1711
1711,21/07/1996,1,1712
1712,22/07/1996,5,1713
1713,23/07/1996,3,1714
1714,24/07/1996,2,1715
1715,25/07/1996,2,1716
1716,26/07/1996,3,1717
1717,27/07/1996,2,1718
1718,28/07/1996,4,1719
1719,29/07/1996,3,1720
1720,30/07/1996,10,1721
1721,31/07/1996,2,1722
1722,01/08/1996,3,1723
1723,02/08/1996,3,1724
1724,03/08/1996,2,1725
1725,04/08/1996,5,1726
1726,05/08/1996,2,1727
1727,06/08/1996,1,1728
1728,07/08/1996,3,1729
1729,08/08/1996,8,1730
1730,09/08/1996,2,1731
1731,10/08/1996,2,1732
1732,11/08/1996,3,1733
1733,12/08/1996,6,1734
1734,13/08/1996,4,1735
1735,14/08/1996,1,1736
1736,15/08/1996,1,1737
1737,16/08/1996,5,1738
1738,17/08/1996,1,1739
1739,18/08/1996,3,1740
1740,19/08/1996,4,1741
1741,20/08/1996,2,1742
1742,21/08/1996,3,1743
1743,22/08/1996,2,1744
1744,23/08/1996,1,1745
1745,24/08/1996,2,1746
1746,25/08/1996,2,1747
1747,26/08/1996,2,1748
1748,27/08/1996,2,1749
1749,28/08/1996,1,1750
1750,29/08/1996,5,1751
1751,30/08/1996,6,1752
1752,31/08/1996,3,1753
1753,01/09/1996,4,1754
1754,02/09/1996,3,1755
1755,04/09/1996,7,1756
1756,05/09/1996,1,1757
1757,06/09/1996,1,1758
1758,07/09/1996,3,1759
1759,08/09/1996,1,1760
1760,09/09/1996,3,1761
1761,10/09/1996,7,1762
1762,11/09/1996,6,1763
1763,12/09/1996,7,1764
1764,13/09/1996,1,1765
1765,14/09/1996,2,1766
1766,15/09/1996,7,1767
1767,16/09/1996,1,1768
1768,17/09/1996,1,1769
1769,18/09/1996,2,1770
1770,19/09/1996,10,1771
1771,20/09/1996,5,1772
1772,21/09/1996,3,1773
1773,22/09/1996,4,1774
1774,23/09/1996,3,1775
1775,24/09/1996,1,1776
1776,25/09/1996,3,1777
1777,26/09/1996,4,1778
1778,27/09/1996,3,1779
1779,28/09/1996,4,1780
1780,29/09/1996,4,1781
1781,30/09/1996,6,1782
1782,01/10/1996,4,1783
1783,02/10/1996,4,1784
1784,03/10/1996,11,1785
1785,04/10/1996,4,1786
1786,05/10/1996,2,1787
1787,06/10/1996,2,1788
1788,07/10/1996,3,1789
1789,08/10/1996,3,1790
1790,09/10/1996,6,1791
1791,10/10/1996,5,1792
1792,11/10/1996,3,1793
1793,12/10/1996,2,1794
1794,13/10/1996,3,1795
1795,14/10/1996,1,1796
1796,15/10/1996,1,1797
1797,16/10/1996,2,1798
1798,17/10/1996,7,1799
1799,18/10/1996,6,1800
1800,19/10/1996,3,1801
1801,20/10/1996,4,1802
1802,21/10/1996,5,1803
1803,22/10/1996,1,1804
1804,23/10/1996,3,1805
1805,24/10/1996,5,1806
1806,25/10/1996,2,1807
1807,26/10/1996,4,1808
1808,27/10/1996,4,1809
1809,28/10/1996,6,1810
1810,29/10/1996,8,1811
1811,30/10/1996,6,1812
1812,31/10/1996,2,1813
1813,01/11/1996,5,1814
1814,02/11/1996,1,1815
1815,03/11/1996,3,1816
1816,04/11/1996,1,1817
1817,05/11/1996,1,1818
1818,07/11/1996,2,1819
1819,08/11/1996,2,1820
1820,09/11/1996,4,1821
1821,10/11/1996,3,1822
1822,11/11/1996,1,1823
1823,12/11/1996,1,1824
1824,13/11/1996,1,1825
1825,14/11/1996,5,1826
1826,15/11/1996,2,1827
1827,16/11/1996,1,1828
1828,17/11/1996,4,1829
1829,18/11/1996,1,1830
1830,19/11/1996,3,1831
1831,20/11/1996,5,1832
1832,21/11/1996,2,1833
1833,22/11/1996,3,1834
1834,23/11/1996,1,1835
1835,24/11/1996,2,1836
1836,26/11/1996,1,1837
1837,27/11/1996,2,1838
1838,28/11/1996,1,1839
1839,29/11/1996,1,1840
1840,01/12/1996,1,1841
1841,02/12/1996,4,1842
1842,04/12/1996,3,1843
1843,05/12/1996,4,1844
1844,07/12/1996,2,1845
1845,09/12/1996,1,1846
1846,10/12/1996,3,1847
1847,11/12/1996,1,1848
1848,12/12/1996,4,1849
1849,13/12/1996,4,1850
1850,14/12/1996,2,1851
1851,15/12/1996,3,1852
1852,16/12/1996,2,1853
1853,17/12/1996,1,1854
1854,18/12/1996,3,1855
1855,19/12/1996,2,1856
1856,20/12/1996,1,1857
1857,21/12/1996,2,1858
1858,22/12/1996,3,1859
1859,23/12/1996,2,1860
1860,24/12/1996,1,1861
1861,26/12/1996,2,1862
1862,28/12/1996,2,1863
1863,30/12/1996,1,1864
1864,31/12/1996,1,1865
1865,01/01/1997,1,1866
1866,02/01/1997,2,1867
1867,03/01/1997,5,1868
1868,04/01/1997,1,1869
1869,05/01/1997,1,1870
1870,07/01/1997,2,1871
1871,09/01/1997,2,1872
1872,10/01/1997,1,1873
1873,11/01/1997,1,1874
1874,12/01/1997,2,1875
1875,13/01/1997,2,1876
1876,14/01/1997,2,1877
1877,16/01/1997,1,1878
1878,17/01/1997,1,1879
1879,19/01/1997,2,1880
1880,21/01/1997,2,1881
1881,24/01/1997,2,1882
1882,25/01/1997,4,1883
1883,26/01/1997,1,1884
1884,27/01/1997,1,1885
1885,28/01/1997,1,1886
1886,30/01/1997,1,1887
1887,01/02/1997,1,1888
1888,03/02/1997,3,1889
1889,04/02/1997,1,1890
1890,05/02/1997,2,1891
1891,07/02/1997,2,1892
1892,09/02/1997,1,1893
1893,10/02/1997,1,1894
1894,11/02/1997,2,1895
1895,12/02/1997,2,1896
1896,18/02/1997,3,1897
1897,20/02/1997,4,1898
1898,21/02/1997,1,1899
1899,22/02/1997,5,1900
1900,23/02/1997,2,1901
1901,24/02/1997,1,1902
1902,26/02/1997,1,1903
1903,27/02/1997,2,1904
1904,28/02/1997,1,1905
1905,01/03/1997,1,1906
1906,02/03/1997,1,1907
1907,03/03/1997,3,1908
1908,04/03/1997,3,1909
1909,05/03/1997,2,1910
1910,06/03/1997,2,1911
1911,07/03/1997,2,1912
1912,08/03/1997,3,1913
1913,09/03/1997,2,1914
1914,10/03/1997,3,1915
1915,11/03/1997,3,1916
1916,12/03/1997,3,1917
1917,13/03/1997,1,1918
1918,14/03/1997,2,1919
1919,15/03/1997,1,1920
1920,16/03/1997,2,1921
1921,17/03/1997,1,1922
1922,18/03/1997,3,1923
1923,21/03/1997,4,1924
1924,23/03/1997,4,1925
1925,24/03/1997,1,1926
1926,26/03/1997,3,1927
1927,27/03/1997,4,1928
1928,28/03/1997,2,1929
1929,29/03/1997,7,1930
1930,30/03/1997,2,1931
1931,31/03/1997,1,1932
1932,01/04/1997,3,1933
1933,02/04/1997,2,1934
1934,03/04/1997,2,1935
1935,04/04/1997,1,1936
1936,05/04/1997,3,1937
1937,07/04/1997,3,1938
1938,09/04/1997,1,1939
1939,10/04/1997,3,1940
1940,11/04/1997,5,1941
1941,13/04/1997,1,1942
1942,15/04/1997,1,1943
1943,16/04/1997,2,1944
1944,18/04/1997,1,1945
1945,19/04/1997,1,1946
1946,20/04/1997,1,1947
1947,21/04/1997,4,1948
1948,22/04/1997,3,1949
1949,23/04/1997,2,1950
1950,24/04/1997,2,1951
1951,26/04/1997,2,1952
1952,27/04/1997,1,1953
1953,28/04/1997,4,1954
1954,29/04/1997,2,1955
1955,30/04/1997,8,1956
1956,01/05/1997,4,1957
1957,02/05/1997,2,1958
1958,03/05/1997,3,1959
1959,04/05/1997,2,1960
1960,05/05/1997,2,1961
1961,06/05/1997,2,1962
1962,07/05/1997,2,1963
1963,08/05/1997,4,1964
1964,10/05/1997,1,1965
1965,11/05/1997,1,1966
1966,12/05/1997,4,1967
1967,13/05/1997,2,1968
1968,14/05/1997,5,1969
1969,15/05/1997,5,1970
1970,16/05/1997,2,1971
1971,17/05/1997,1,1972
1972,18/05/1997,2,1973
1973,19/05/1997,3,1974
1974,20/05/1997,3,1975
1975,21/05/1997,4,1976
1976,22/05/1997,2,1977
1977,23/05/1997,3,1978
1978,25/05/1997,1,1979
1979,26/05/1997,1,1980
1980,27/05/1997,1,1981
1981,28/05/1997,4,1982
1982,29/05/1997,4,1983
1983,30/05/1997,2,1984
1984,31/05/1997,1,1985
1985,01/06/1997,2,1986
1986,02/06/1997,4,1987
1987,03/06/1997,2,1988
1988,04/06/1997,6,1989
1989,05/06/1997,1,1990
1990,06/06/1997,3,1991
1991,07/06/1997,2,1992
1992,08/06/1997,1,1993
1993,09/06/1997,3,1994
1994,11/06/1997,1,1995
1995,12/06/1997,2,1996
1996,13/06/1997,2,1997
1997,14/06/1997,2,1998
1998,16/06/1997,3,1999
1999,17/06/1997,2,2000
2000,19/06/1997,4,2001
2001,20/06/1997,3,2002
2002,21/06/1997,1,2003
2003,22/06/1997,1,2004
2004,23/06/1997,1,2005
2005,24/06/1997,1,2006
2006,25/06/1997,2,2007
2007,26/06/1997,1,2008
2008,27/06/1997,3,2009
2009,28/06/1997,5,2010
2010,29/06/1997,4,2011
2011,02/07/1997,4,2012
2012,03/07/1997,3,2013
2013,04/07/1997,4,2014
2014,05/07/1997,2,2015
2015,06/07/1997,1,2016
2016,07/07/1997,4,2017
2017,08/07/1997,2,2018
2018,09/07/1997,4,2019
2019,10/07/1997,2,2020
2020,11/07/1997,4,2021
2021,12/07/1997,1,2022
2022,13/07/1997,3,2023
2023,15/07/1997,1,2024
2024,16/07/1997,2,2025
2025,17/07/1997,2,2026
2026,18/07/1997,2,2027
2027,19/07/1997,1,2028
2028,20/07/1997,3,2029
2029,21/07/1997,4,2030
2030,23/07/1997,2,2031
2031,24/07/1997,1,2032
2032,25/07/1997,6,2033
2033,26/07/1997,1,2034
2034,27/07/1997,1,2035
2035,28/07/1997,1,2036
2036,29/07/1997,1,2037
2037,30/07/1997,3,2038
2038,31/07/1997,3,2039
2039,01/08/1997,3,2040
2040,02/08/1997,3,2041
2041,03/08/1997,1,2042
2042,04/08/1997,3,2043
2043,05/08/1997,3,2044
2044,06/08/1997,7,2045
2045,07/08/1997,2,2046
2046,08/08/1997,2,2047
2047,09/08/1997,3,2048
2048,10/08/1997,4,2049
2049,11/08/1997,3,2050
2050,12/08/1997,4,2051
2051,13/08/1997,3,2052
2052,14/08/1997,4,2053
2053,15/08/1997,3,2054
2054,16/08/1997,1,2055
2055,17/08/1997,1,2056
2056,18/08/1997,8,2057
2057,19/08/1997,3,2058
2058,20/08/1997,5,2059
2059,21/08/1997,6,2060
2060,22/08/1997,4,2061
2061,23/08/1997,3,2062
2062,24/08/1997,6,2063
2063,25/08/1997,2,2064
2064,26/08/1997,3,2065
2065,27/08/1997,4,2066
2066,28/08/1997,5,2067
2067,29/08/1997,4,2068
2068,30/08/1997,2,2069
2069,31/08/1997,1,2070
2070,01/09/1997,6,2071
2071,02/09/1997,6,2072
2072,03/09/1997,3,2073
2073,04/09/1997,3,2074
2074,05/09/1997,1,2075
2075,06/09/1997,3,2076
2076,07/09/1997,3,2077
2077,08/09/1997,2,2078
2078,09/09/1997,6,2079
2079,10/09/1997,4,2080
2080,11/09/1997,5,2081
2081,12/09/1997,4,2082
2082,13/09/1997,2,2083
2083,14/09/1997,3,2084
2084,15/09/1997,1,2085
2085,16/09/1997,2,2086
2086,17/09/1997,1,2087
2087,18/09/1997,9,2088
2088,19/09/1997,2,2089
2089,20/09/1997,2,2090
2090,21/09/1997,4,2091
2091,22/09/1997,5,2092
2092,23/09/1997,1,2093
2093,24/09/1997,2,2094
2094,25/09/1997,5,2095
2095,26/09/1997,8,2096
2096,27/09/1997,4,2097
2097,28/09/1997,6,2098
2098,29/09/1997,4,2099
2099,30/09/1997,6,2100
2100,01/10/1997,10,2101
2101,02/10/1997,8,2102
2102,03/10/1997,2,2103
2103,04/10/1997,4,2104
2104,05/10/1997,4,2105
2105,06/10/1997,4,2106
2106,07/10/1997,5,2107
2107,08/10/1997,2,2108
2108,09/10/1997,5,2109
2109,10/10/1997,7,2110
2110,11/10/1997,4,2111
2111,12/10/1997,4,2112
2112,13/10/1997,10,2113
2113,14/10/1997,6,2114
2114,15/10/1997,4,2115
2115,16/10/1997,3,2116
2116,17/10/1997,3,2117
2117,18/10/1997,3,2118
2118,19/10/1997,3,2119
2119,20/10/1997,6,2120
2120,21/10/1997,3,2121
2121,22/10/1997,3,2122
2122,23/10/1997,3,2123
2123,25/10/1997,4,2124
2124,26/10/1997,3,2125
2125,27/10/1997,7,2126
2126,28/10/1997,6,2127
2127,29/10/1997,2,2128
2128,30/10/1997,2,2129
2129,31/10/1997,2,2130
2130,01/11/1997,4,2131
2131,02/11/1997,4,2132
2132,03/11/1997,3,2133
2133,05/11/1997,3,2134
2134,06/11/1997,3,2135
2135,07/11/1997,7,2136
2136,08/11/1997,1,2137
2137,09/11/1997,5,2138
2138,10/11/1997,8,2139
2139,11/11/1997,1,2140
2140,12/11/1997,3,2141
2141,13/11/1997,3,2142
2142,14/11/1997,2,2143
2143,15/11/1997,1,2144
2144,16/11/1997,2,2145
2145,17/11/1997,3,2146
2146,18/11/1997,3,2147
2147,19/11/1997,1,2148
2148,20/11/1997,1,2149
2149,21/11/1997,2,2150
2150,22/11/1997,3,2151
2151,23/11/1997,1,2152
2152,24/11/1997,1,2153
2153,25/11/1997,2,2154
2154,26/11/1997,2,2155
2155,28/11/1997,1,2156
2156,01/12/1997,2,2157
2157,02/12/1997,1,2158
2158,03/12/1997,1,2159
2159,04/12/1997,3,2160
2160,05/12/1997,1,2161
2161,08/12/1997,1,2162
2162,10/12/1997,6,2163
2163,12/12/1997,1,2164
2164,14/12/1997,4,2165
2165,15/12/1997,2,2166
2166,16/12/1997,2,2167
2167,17/12/1997,1,2168
2168,19/12/1997,4,2169
2169,21/12/1997,2,2170
2170,22/12/1997,4,2171
2171,23/12/1997,2,2172
2172,24/12/1997,1,2173
2173,28/12/1997,1,2174
2174,29/12/1997,2,2175
2175,30/12/1997,3,2176
2176,02/01/1998,1,2177
2177,03/01/1998,2,2178
2178,04/01/1998,4,2179
2179,05/01/1998,1,2180
2180,06/01/1998,1,2181
2181,07/01/1998,1,2182
2182,08/01/1998,1,2183
2183,09/01/1998,2,2184
2184,10/01/1998,1,2185
2185,11/01/1998,1,2186
2186,12/01/1998,2,2187
2187,13/01/1998,2,2188
2188,14/01/1998,1,2189
2189,18/01/1998,3,2190
2190,19/01/1998,2,2191
2191,21/01/1998,1,2192
2192,22/01/1998,2,2193
2193,23/01/1998,2,2194
2194,25/01/1998,1,2195
2195,26/01/1998,3,2196
2196,27/01/1998,4,2197
2197,30/01/1998,1,2198
2198,01/02/1998,1,2199
2199,06/02/1998,2,2200
2200,07/02/1998,2,2201
2201,08/02/1998,1,2202
2202,09/02/1998,2,2203
2203,10/02/1998,3,2204
2204,11/02/1998,2,2205
2205,12/02/1998,1,2206
2206,15/02/1998,1,2207
2207,16/02/1998,2,2208
2208,19/02/1998,1,2209
2209,21/02/1998,1,2210
2210,23/02/1998,1,2211
2211,24/02/1998,1,2212
2212,25/02/1998,1,2213
2213,27/02/1998,2,2214
2214,01/03/1998,2,2215
2215,02/03/1998,1,2216
2216,04/03/1998,2,2217
2217,05/03/1998,1,2218
2218,06/03/1998,2,2219
2219,08/03/1998,2,2220
2220,09/03/1998,4,2221
2221,10/03/1998,2,2222
2222,11/03/1998,1,2223
2223,12/03/1998,4,2224
2224,13/03/1998,3,2225
2225,15/03/1998,1,2226
2226,16/03/1998,2,2227
2227,17/03/1998,2,2228
2228,18/03/1998,6,2229
2229,19/03/1998,2,2230
2230,21/03/1998,3,2231
2231,22/03/1998,3,2232
2232,23/03/1998,3,2233
2233,24/03/1998,4,2234
2234,25/03/1998,4,2235
2235,27/03/1998,2,2236
2236,28/03/1998,2,2237
2237,29/03/1998,1,2238
2238,31/03/1998,2,2239
2239,01/04/1998,1,2240
2240,02/04/1998,2,2241
2241,03/04/1998,1,2242
2242,04/04/1998,4,2243
2243,05/04/1998,1,2244
2244,06/04/1998,2,2245
2245,07/04/1998,1,2246
2246,09/04/1998,1,2247
2247,10/04/1998,1,2248
2248,11/04/1998,1,2249
2249,12/04/1998,2,2250
2250,13/04/1998,1,2251
2251,15/04/1998,2,2252
2252,16/04/1998,2,2253
2253,17/04/1998,1,2254
2254,18/04/1998,1,2255
2255,20/04/1998,1,2256
2256,22/04/1998,2,2257
2257,23/04/1998,1,2258
2258,24/04/1998,2,2259
2259,25/04/1998,4,2260
2260,26/04/1998,3,2261
2261,27/04/1998,2,2262
2262,28/04/1998,3,2263
2263,29/04/1998,4,2264
2264,30/04/1998,6,2265
2265,01/05/1998,2,2266
2266,02/05/1998,3,2267
2267,03/05/1998,4,2268
2268,04/05/1998,3,2269
2269,05/05/1998,2,2270
2270,06/05/1998,1,2271
2271,07/05/1998,3,2272
2272,08/05/1998,5,2273
2273,09/05/1998,3,2274
2274,10/05/1998,1,2275
2275,11/05/1998,2,2276
2276,12/05/1998,7,2277
2277,13/05/1998,4,2278
2278,14/05/1998,1,2279
2279,16/05/1998,3,2280
2280,17/05/1998,2,2281
2281,18/05/1998,5,2282
2282,19/05/1998,3,2283
2283,20/05/1998,2,2284
2284,22/05/1998,3,2285
2285,23/05/1998,1,2286
2286,24/05/1998,3,2287
2287,25/05/1998,1,2288
2288,26/05/1998,2,2289
2289,27/05/1998,3,2290
2290,28/05/1998,5,2291
2291,29/05/1998,1,2292
2292,01/06/1998,4,2293
2293,02/06/1998,2,2294
2294,03/06/1998,3,2295
2295,04/06/1998,4,2296
2296,05/06/1998,3,2297
2297,06/06/1998,2,2298
2298,07/06/1998,2,2299
2299,08/06/1998,2,2300
2300,10/06/1998,2,2301
2301,12/06/1998,2,2302
2302,13/06/1998,1,2303
2303,15/06/1998,3,2304
2304,16/06/1998,1,2305
2305,17/06/1998,2,2306
2306,19/06/1998,3,2307
2307,20/06/1998,1,2308
2308,21/06/1998,2,2309
2309,22/06/1998,2,2310
2310,24/06/1998,3,2311
2311,25/06/1998,1,2312
2312,26/06/1998,3,2313
2313,27/06/1998,1,2314
2314,28/06/1998,1,2315
2315,29/06/1998,2,2316
2316,01/07/1998,4,2317
2317,02/07/1998,2,2318
2318,03/07/1998,1,2319
2319,05/07/1998,4,2320
2320,06/07/1998,3,2321
2321,07/07/1998,2,2322
2322,08/07/1998,9,2323
2323,09/07/1998,2,2324
2324,10/07/1998,2,2325
2325,11/07/1998,4,2326
2326,12/07/1998,3,2327
2327,13/07/1998,4,2328
2328,14/07/1998,4,2329
2329,15/07/1998,6,2330
2330,16/07/1998,1,2331
2331,17/07/1998,3,2332
2332,18/07/1998,3,2333
2333,19/07/1998,1,2334
2334,20/07/1998,2,2335
2335,21/07/1998,3,2336
2336,22/07/1998,2,2337
2337,23/07/1998,3,2338
2338,24/07/1998,5,2339
2339,25/07/1998,4,2340
2340,26/07/1998,3,2341
2341,27/07/1998,1,2342
2342,28/07/1998,1,2343
2343,29/07/1998,2,2344
2344,30/07/1998,5,2345
2345,31/07/1998,1,2346
2346,01/08/1998,2,2347
2347,02/08/1998,4,2348
2348,03/08/1998,3,2349
2349,04/08/1998,3,2350
2350,05/08/1998,3,2351
2351,06/08/1998,4,2352
2352,07/08/1998,3,2353
2353,08/08/1998,3,2354
2354,09/08/1998,7,2355
2355,10/08/1998,3,2356
2356,11/08/1998,4,2357
2357,12/08/1998,2,2358
2358,13/08/1998,13,2359
2359,14/08/1998,3,2360
2360,15/08/1998,3,2361
2361,16/08/1998,4,2362
2362,17/08/1998,8,2363
2363,18/08/1998,2,2364
2364,19/08/1998,4,2365
2365,20/08/1998,5,2366
2366,21/08/1998,4,2367
2367,22/08/1998,8,2368
2368,23/08/1998,7,2369
2369,24/08/1998,2,2370
2370,25/08/1998,5,2371
2371,26/08/1998,4,2372
2372,27/08/1998,7,2373
2373,28/08/1998,3,2374
2374,29/08/1998,3,2375
2375,30/08/1998,5,2376
2376,31/08/1998,3,2377
2377,01/09/1998,1,2378
2378,02/09/1998,7,2379
2379,03/09/1998,7,2380
2380,04/09/1998,7,2381
2381,05/09/1998,8,2382
2382,07/09/1998,2,2383
2383,08/09/1998,6,2384
2384,09/09/1998,10,2385
2385,10/09/1998,9,2386
2386,11/09/1998,4,2387
2387,12/09/1998,5,2388
2388,13/09/1998,3,2389
2389,14/09/1998,6,2390
2390,15/09/1998,5,2391
2391,16/09/1998,5,2392
2392,17/09/1998,4,2393
2393,18/09/1998,4,2394
2394,19/09/1998,3,2395
2395,20/09/1998,5,2396
2396,21/09/1998,5,2397
2397,22/09/1998,7,2398
2398,23/09/1998,6,2399
2399,24/09/1998,4,2400
2400,25/09/1998,1,2401
2401,27/09/1998,1,2402
2402,28/09/1998,11,2403
2403,29/09/1998,5,2404
2404,30/09/1998,2,2405
2405,01/10/1998,8,2406
2406,02/10/1998,5,2407
2407,03/10/1998,3,2408
2408,04/10/1998,3,2409
2409,05/10/1998,3,2410
2410,06/10/1998,8,2411
2411,07/10/1998,7,2412
2412,08/10/1998,7,2413
2413,09/10/1998,1,2414
2414,10/10/1998,5,2415
2415,11/10/1998,6,2416
2416,12/10/1998,7,2417
2417,13/10/1998,6,2418
2418,14/10/1998,3,2419
2419,15/10/1998,8,2420
2420,16/10/1998,4,2421
2421,17/10/1998,5,2422
2422,18/10/1998,4,2423
2423,19/10/1998,3,2424
2424,20/10/1998,5,2425
2425,21/10/1998,3,2426
2426,22/10/1998,3,2427
2427,23/10/1998,3,2428
2428,24/10/1998,4,2429
2429,25/10/1998,7,2430
2430,26/10/1998,5,2431
2431,27/10/1998,2,2432
2432,28/10/1998,1,2433
2433,29/10/1998,4,2434
2434,30/10/1998,5,2435
2435,31/10/1998,1,2436
2436,01/11/1998,3,2437
2437,02/11/1998,6,2438
2438,03/11/1998,3,2439
2439,04/11/1998,7,2440
2440,05/11/1998,1,2441
2441,06/11/1998,2,2442
2442,07/11/1998,3,2443
2443,08/11/1998,1,2444
2444,09/11/1998,4,2445
2445,10/11/1998,6,2446
2446,11/11/1998,1,2447
2447,12/11/1998,2,2448
2448,14/11/1998,2,2449
2449,15/11/1998,1,2450
2450,16/11/1998,2,2451
2451,18/11/1998,1,2452
2452,19/11/1998,1,2453
2453,20/11/1998,3,2454
2454,21/11/1998,3,2455
2455,23/11/1998,1,2456
2456,25/11/1998,3,2457
2457,27/11/1998,1,2458
2458,30/11/1998,1,2459
2459,01/12/1998,2,2460
2460,03/12/1998,1,2461
2461,04/12/1998,8,2462
2462,06/12/1998,2,2463
2463,08/12/1998,3,2464
2464,09/12/1998,1,2465
2465,10/12/1998,2,2466
2466,11/12/1998,1,2467
2467,15/12/1998,4,2468
2468,17/12/1998,1,2469
2469,18/12/1998,1,2470
2470,19/12/1998,2,2471
2471,21/12/1998,1,2472
2472,22/12/1998,3,2473
2473,24/12/1998,2,2474
2474,25/12/1998,1,2475
2475,26/12/1998,1,2476
2476,27/12/1998,2,2477
2477,29/12/1998,1,2478
2478,31/12/1998,1,2479
2479,02/01/1999,4,2480
2480,04/01/1999,2,2481
2481,05/01/1999,1,2482
2482,06/01/1999,3,2483
2483,07/01/1999,2,2484
2484,08/01/1999,1,2485
2485,11/01/1999,3,2486
2486,12/01/1999,3,2487
2487,13/01/1999,2,2488
2488,14/01/1999,1,2489
2489,15/01/1999,1,2490
2490,16/01/1999,3,2491
2491,18/01/1999,1,2492
2492,19/01/1999,2,2493
2493,20/01/1999,2,2494
2494,21/01/1999,1,2495
2495,23/01/1999,3,2496
2496,24/01/1999,1,2497
2497,25/01/1999,1,2498
2498,28/01/1999,1,2499
2499,30/01/1999,1,2500
2500,01/02/1999,3,2501
2501,03/02/1999,2,2502
2502,04/02/1999,1,2503
2503,05/02/1999,1,2504
2504,06/02/1999,1,2505
2505,07/02/1999,1,2506
2506,10/02/1999,2,2507
2507,11/02/1999,2,2508
2508,13/02/1999,2,2509
2509,14/02/1999,2,2510
2510,15/02/1999,2,2511
2511,16/02/1999,4,2512
2512,17/02/1999,3,2513
2513,18/02/1999,3,2514
2514,19/02/1999,2,2515
2515,20/02/1999,1,2516
2516,22/02/1999,3,2517
2517,23/02/1999,1,2518
2518,24/02/1999,3,2519
2519,26/02/1999,5,2520
2520,27/02/1999,1,2521
2521,28/02/1999,1,2522
2522,01/03/1999,1,2523
2523,02/03/1999,2,2524
2524,04/03/1999,1,2525
2525,05/03/1999,4,2526
2526,07/03/1999,2,2527
2527,08/03/1999,1,2528
2528,09/03/1999,3,2529
2529,11/03/1999,2,2530
2530,12/03/1999,2,2531
2531,14/03/1999,4,2532
2532,15/03/1999,3,2533
2533,16/03/1999,1,2534
2534,17/03/1999,5,2535
2535,18/03/1999,3,2536
2536,19/03/1999,3,2537
2537,22/03/1999,2,2538
2538,24/03/1999,4,2539
2539,25/03/1999,2,2540
2540,26/03/1999,5,2541
2541,28/03/1999,1,2542
2542,29/03/1999,2,2543
2543,30/03/1999,1,2544
2544,31/03/1999,4,2545
2545,01/04/1999,2,2546
2546,02/04/1999,2,2547
2547,03/04/1999,1,2548
2548,05/04/1999,2,2549
2549,07/04/1999,2,2550
2550,08/04/1999,4,2551
2551,10/04/1999,2,2552
2552,11/04/1999,1,2553
2553,12/04/1999,2,2554
2554,13/04/1999,4,2555
2555,15/04/1999,3,2556
2556,16/04/1999,2,2557
2557,18/04/1999,1,2558
2558,19/04/1999,3,2559
2559,20/04/1999,3,2560
2560,21/04/1999,3,2561
2561,22/04/1999,2,2562
2562,23/04/1999,4,2563
2563,24/04/1999,4,2564
2564,25/04/1999,1,2565
2565,26/04/1999,4,2566
2566,27/04/1999,4,2567
2567,28/04/1999,3,2568
2568,30/04/1999,5,2569
2569,01/05/1999,2,2570
2570,02/05/1999,2,2571
2571,04/05/1999,1,2572
2572,05/05/1999,3,2573
2573,06/05/1999,3,2574
2574,07/05/1999,5,2575
2575,08/05/1999,2,2576
2576,09/05/1999,1,2577
2577,10/05/1999,2,2578
2578,11/05/1999,5,2579
2579,12/05/1999,2,2580
2580,13/05/1999,7,2581
2581,14/05/1999,2,2582
2582,15/05/1999,3,2583
2583,16/05/1999,2,2584
2584,18/05/1999,2,2585
2585,19/05/1999,2,2586
2586,20/05/1999,3,2587
2587,21/05/1999,2,2588
2588,22/05/1999,1,2589
2589,23/05/1999,3,2590
2590,25/05/1999,3,2591
2591,26/05/1999,1,2592
2592,28/05/1999,3,2593
2593,29/05/1999,5,2594
2594,30/05/1999,3,2595
2595,31/05/1999,5,2596
2596,01/06/1999,2,2597
2597,02/06/1999,2,2598
2598,03/06/1999,2,2599
2599,04/06/1999,3,2600
2600,05/06/1999,3,2601
2601,08/06/1999,3,2602
2602,11/06/1999,2,2603
2603,14/06/1999,2,2604
2604,15/06/1999,1,2605
2605,16/06/1999,1,2606
2606,17/06/1999,2,2607
2607,18/06/1999,4,2608
2608,19/06/1999,1,2609
2609,20/06/1999,1,2610
2610,21/06/1999,3,2611
2611,22/06/1999,2,2612
2612,24/06/1999,2,2613
2613,25/06/1999,2,2614
2614,26/06/1999,1,2615
2615,27/06/1999,1,2616
2616,29/06/1999,2,2617
2617,30/06/1999,4,2618
2618,01/07/1999,2,2619
2619,03/07/1999,3,2620
2620,04/07/1999,6,2621
2621,05/07/1999,2,2622
2622,06/07/1999,5,2623
2623,07/07/1999,4,2624
2624,08/07/1999,2,2625
2625,09/07/1999,7,2626
2626,10/07/1999,4,2627
2627,11/07/1999,2,2628
2628,12/07/1999,2,2629
2629,13/07/1999,4,2630
2630,14/07/1999,1,2631
2631,16/07/1999,5,2632
2632,17/07/1999,2,2633
2633,18/07/1999,1,2634
2634,19/07/1999,3,2635
2635,20/07/1999,4,2636
2636,21/07/1999,3,2637
2637,22/07/1999,3,2638
2638,23/07/1999,2,2639
2639,24/07/1999,2,2640
2640,25/07/1999,1,2641
2641,26/07/1999,3,2642
2642,27/07/1999,4,2643
2643,28/07/1999,2,2644
2644,29/07/1999,2,2645
2645,31/07/1999,1,2646
2646,01/08/1999,5,2647
2647,02/08/1999,4,2648
2648,03/08/1999,5,2649
2649,04/08/1999,5,2650
2650,05/08/1999,6,2651
2651,07/08/1999,2,2652
2652,08/08/1999,1,2653
2653,09/08/1999,4,2654
2654,10/08/1999,6,2655
2655,11/08/1999,5,2656
2656,12/08/1999,3,2657
2657,13/08/1999,6,2658
2658,14/08/1999,2,2659
2659,15/08/1999,2,2660
2660,16/08/1999,6,2661
2661,17/08/1999,5,2662
2662,18/08/1999,3,2663
2663,19/08/1999,6,2664
2664,20/08/1999,5,2665
2665,21/08/1999,1,2666
2666,23/08/1999,2,2667
2667,24/08/1999,4,2668
2668,25/08/1999,2,2669
2669,26/08/1999,3,2670
2670,27/08/1999,8,2671
2671,28/08/1999,5,2672
2672,29/08/1999,1,2673
2673,30/08/1999,3,2674
2674,31/08/1999,4,2675
2675,01/09/1999,3,2676
2676,02/09/1999,5,2677
2677,03/09/1999,5,2678
2678,04/09/1999,4,2679
2679,05/09/1999,4,2680
2680,06/09/1999,7,2681
2681,07/09/1999,4,2682
2682,08/09/1999,2,2683
2683,09/09/1999,5,2684
2684,10/09/1999,5,2685
2685,11/09/1999,3,2686
2686,12/09/1999,2,2687
2687,13/09/1999,10,2688
2688,14/09/1999,3,2689
2689,15/09/1999,3,2690
2690,16/09/1999,6,2691
2691,17/09/1999,9,2692
2692,18/09/1999,4,2693
2693,19/09/1999,3,2694
2694,20/09/1999,2,2695
2695,21/09/1999,6,2696
2696,22/09/1999,5,2697
2697,23/09/1999,6,2698
2698,24/09/1999,4,2699
2699,25/09/1999,1,2700
2700,26/09/1999,4,2701
2701,27/09/1999,3,2702
2702,28/09/1999,3,2703
2703,29/09/1999,5,2704
2704,30/09/1999,7,2705
2705,01/10/1999,5,2706
2706,02/10/1999,3,2707
2707,03/10/1999,6,2708
2708,04/10/1999,6,2709
2709,05/10/1999,8,2710
2710,06/10/1999,4,2711
2711,07/10/1999,6,2712
2712,08/10/1999,3,2713
2713,09/10/1999,2,2714
2714,10/10/1999,3,2715
2715,11/10/1999,5,2716
2716,12/10/1999,5,2717
2717,13/10/1999,4,2718
2718,14/10/1999,5,2719
2719,15/10/1999,4,2720
2720,16/10/1999,7,2721
2721,17/10/1999,2,2722
2722,18/10/1999,8,2723
2723,19/10/1999,16,2724
2724,20/10/1999,11,2725
2725,21/10/1999,2,2726
2726,22/10/1999,6,2727
2727,23/10/1999,6,2728
2728,24/10/1999,3,2729
2729,25/10/1999,5,2730
2730,26/10/1999,2,2731
2731,27/10/1999,9,2732
2732,28/10/1999,7,2733
2733,29/10/1999,1,2734
2734,30/10/1999,3,2735
2735,31/10/1999,3,2736
2736,01/11/1999,5,2737
2737,02/11/1999,6,2738
2738,03/11/1999,1,2739
2739,04/11/1999,5,2740
2740,05/11/1999,4,2741
2741,07/11/1999,3,2742
2742,08/11/1999,4,2743
2743,09/11/1999,1,2744
2744,10/11/1999,1,2745
2745,11/11/1999,3,2746
2746,12/11/1999,2,2747
2747,13/11/1999,3,2748
2748,14/11/1999,2,2749
2749,15/11/1999,3,2750
2750,16/11/1999,3,2751
2751,17/11/1999,2,2752
2752,18/11/1999,2,2753
2753,19/11/1999,5,2754
2754,21/11/1999,3,2755
2755,22/11/1999,1,2756
2756,23/11/1999,1,2757
2757,24/11/1999,2,2758
2758,26/11/1999,2,2759
2759,27/11/1999,1,2760
2760,29/11/1999,2,2761
2761,30/11/1999,4,2762
2762,01/12/1999,1,2763
2763,02/12/1999,1,2764
2764,03/12/1999,1,2765
2765,04/12/1999,1,2766
2766,05/12/1999,4,2767
2767,06/12/1999,2,2768
2768,07/12/1999,1,2769
2769,08/12/1999,3,2770
2770,09/12/1999,6,2771
2771,10/12/1999,2,2772
2772,11/12/1999,4,2773
2773,12/12/1999,2,2774
2774,13/12/1999,2,2775
2775,14/12/1999,3,2776
2776,15/12/1999,3,2777
2777,16/12/1999,1,2778
2778,17/12/1999,1,2779
2779,18/12/1999,1,2780
2780,21/12/1999,2,2781
2781,23/12/1999,1,2782
2782,24/12/1999,1,2783
2783,26/12/1999,3,2784
2784,27/12/1999,2,2785
2785,29/12/1999,1,2786
2786,30/12/1999,3,2787
2787,31/12/1999,1,2788
2788,01/01/2000,1,2789
2789,02/01/2000,2,2790
2790,03/01/2000,3,2791
2791,04/01/2000,3,2792
2792,05/01/2000,2,2793
2793,06/01/2000,2,2794
2794,08/01/2000,4,2795
2795,09/01/2000,2,2796
2796,10/01/2000,1,2797
2797,11/01/2000,1,2798
2798,12/01/2000,2,2799
2799,17/01/2000,2,2800
2800,19/01/2000,2,2801
2801,20/01/2000,2,2802
2802,21/01/2000,2,2803
2803,23/01/2000,2,2804
2804,25/01/2000,1,2805
2805,27/01/2000,2,2806
2806,30/01/2000,1,2807
2807,31/01/2000,2,2808
2808,01/02/2000,1,2809
2809,02/02/2000,1,2810
2810,03/02/2000,1,2811
2811,04/02/2000,1,2812
2812,05/02/2000,4,2813
2813,06/02/2000,1,2814
2814,08/02/2000,3,2815
2815,09/02/2000,3,2816
2816,10/02/2000,1,2817
2817,11/02/2000,1,2818
2818,12/02/2000,3,2819
2819,13/02/2000,3,2820
2820,14/02/2000,2,2821
2821,15/02/2000,1,2822
2822,17/02/2000,1,2823
2823,18/02/2000,1,2824
2824,19/02/2000,2,2825
2825,20/02/2000,1,2826
2826,21/02/2000,1,2827
2827,22/02/2000,1,2828
2828,23/02/2000,1,2829
2829,24/02/2000,1,2830
2830,25/02/2000,4,2831
2831,26/02/2000,4,2832
2832,28/02/2000,2,2833
2833,29/02/2000,3,2834
2834,01/03/2000,1,2835
2835,02/03/2000,1,2836
2836,05/03/2000,4,2837
2837,06/03/2000,2,2838
2838,07/03/2000,5,2839
2839,08/03/2000,4,2840
2840,10/03/2000,1,2841
2841,11/03/2000,2,2842
2842,12/03/2000,1,2843
2843,13/03/2000,1,2844
2844,14/03/2000,3,2845
2845,15/03/2000,2,2846
2846,16/03/2000,1,2847
2847,18/03/2000,2,2848
2848,20/03/2000,3,2849
2849,21/03/2000,3,2850
2850,22/03/2000,2,2851
2851,23/03/2000,3,2852
2852,24/03/2000,1,2853
2853,25/03/2000,3,2854
2854,26/03/2000,3,2855
2855,28/03/2000,1,2856
2856,29/03/2000,1,2857
2857,30/03/2000,1,2858
2858,31/03/2000,2,2859
2859,01/04/2000,1,2860
2860,02/04/2000,1,2861
2861,03/04/2000,2,2862
2862,04/04/2000,1,2863
2863,05/04/2000,2,2864
2864,06/04/2000,3,2865
2865,07/04/2000,4,2866
2866,08/04/2000,3,2867
2867,09/04/2000,6,2868
2868,11/04/2000,2,2869
2869,12/04/2000,3,2870
2870,13/04/2000,2,2871
2871,14/04/2000,3,2872
2872,15/04/2000,2,2873
2873,16/04/2000,3,2874
2874,17/04/2000,3,2875
2875,18/04/2000,1,2876
2876,20/04/2000,5,2877
2877,21/04/2000,3,2878
2878,22/04/2000,3,2879
2879,23/04/2000,1,2880
2880,24/04/2000,3,2881
2881,25/04/2000,1,2882
2882,26/04/2000,7,2883
2883,27/04/2000,1,2884
2884,28/04/2000,4,2885
2885,29/04/2000,1,2886
2886,30/04/2000,5,2887
2887,01/05/2000,6,2888
2888,02/05/2000,2,2889
2889,03/05/2000,6,2890
2890,04/05/2000,4,2891
2891,05/05/2000,5,2892
2892,06/05/2000,2,2893
2893,07/05/2000,4,2894
2894,08/05/2000,7,2895
2895,09/05/2000,6,2896
2896,10/05/2000,4,2897
2897,11/05/2000,3,2898
2898,12/05/2000,2,2899
2899,14/05/2000,2,2900
2900,15/05/2000,3,2901
2901,16/05/2000,8,2902
2902,18/05/2000,1,2903
2903,19/05/2000,5,2904
2904,21/05/2000,1,2905
2905,22/05/2000,2,2906
2906,23/05/2000,3,2907
2907,24/05/2000,9,2908
2908,25/05/2000,3,2909
2909,26/05/2000,1,2910
2910,27/05/2000,2,2911
2911,28/05/2000,3,2912
2912,29/05/2000,3,2913
2913,30/05/2000,1,2914
2914,31/05/2000,2,2915
2915,01/06/2000,1,2916
2916,02/06/2000,3,2917
2917,03/06/2000,5,2918
2918,04/06/2000,5,2919
2919,05/06/2000,2,2920
2920,06/06/2000,3,2921
2921,07/06/2000,3,2922
2922,08/06/2000,2,2923
2923,09/06/2000,5,2924
2924,11/06/2000,2,2925
2925,12/06/2000,2,2926
2926,13/06/2000,2,2927
2927,14/06/2000,1,2928
2928,15/06/2000,3,2929
2929,16/06/2000,1,2930
2930,17/06/2000,3,2931
2931,19/06/2000,1,2932
2932,20/06/2000,5,2933
2933,21/06/2000,4,2934
2934,22/06/2000,1,2935
2935,23/06/2000,6,2936
2936,24/06/2000,1,2937
2937,25/06/2000,7,2938
2938,26/06/2000,2,2939
2939,27/06/2000,2,2940
2940,28/06/2000,2,2941
2941,29/06/2000,4,2942
2942,30/06/2000,4,2943
2943,01/07/2000,2,2944
2944,02/07/2000,5,2945
2945,03/07/2000,2,2946
2946,04/07/2000,3,2947
2947,05/07/2000,4,2948
2948,06/07/2000,6,2949
2949,07/07/2000,5,2950
2950,08/07/2000,4,2951
2951,09/07/2000,5,2952
2952,10/07/2000,4,2953
2953,11/07/2000,2,2954
2954,12/07/2000,4,2955
2955,13/07/2000,2,2956
2956,14/07/2000,4,2957
2957,15/07/2000,1,2958
2958,16/07/2000,2,2959
2959,17/07/2000,3,2960
2960,18/07/2000,4,2961
2961,19/07/2000,4,2962
2962,20/07/2000,2,2963
2963,21/07/2000,7,2964
2964,22/07/2000,3,2965
2965,23/07/2000,6,2966
2966,24/07/2000,2,2967
2967,25/07/2000,4,2968
2968,26/07/2000,5,2969
2969,27/07/2000,6,2970
2970,28/07/2000,2,2971
2971,29/07/2000,2,2972
2972,30/07/2000,3,2973
2973,31/07/2000,2,2974
2974,01/08/2000,7,2975
2975,02/08/2000,4,2976
2976,03/08/2000,2,2977
2977,04/08/2000,1,2978
2978,05/08/2000,3,2979
2979,06/08/2000,7,2980
2980,07/08/2000,3,2981
2981,08/08/2000,3,2982
2982,09/08/2000,3,2983
2983,10/08/2000,9,2984
2984,11/08/2000,8,2985
2985,12/08/2000,3,2986
2986,13/08/2000,2,2987
2987,14/08/2000,1,2988
2988,15/08/2000,2,2989
2989,16/08/2000,9,2990
2990,17/08/2000,5,2991
2991,18/08/2000,5,2992
2992,19/08/2000,2,2993
2993,20/08/2000,5,2994
2994,21/08/2000,2,2995
2995,22/08/2000,5,2996
2996,23/08/2000,2,2997
2997,24/08/2000,4,2998
2998,25/08/2000,5,2999
2999,26/08/2000,5,3000
3000,27/08/2000,3,3001
3001,28/08/2000,1,3002
3002,29/08/2000,8,3003
3003,30/08/2000,5,3004
3004,31/08/2000,5,3005
3005,01/09/2000,3,3006
3006,02/09/2000,5,3007
3007,03/09/2000,3,3008
3008,04/09/2000,5,3009
3009,05/09/2000,6,3010
3010,06/09/2000,1,3011
3011,07/09/2000,4,3012
3012,08/09/2000,9,3013
3013,09/09/2000,2,3014
3014,10/09/2000,2,3015
3015,11/09/2000,2,3016
3016,12/09/2000,3,3017
3017,13/09/2000,11,3018
3018,14/09/2000,2,3019
3019,15/09/2000,10,3020
3020,16/09/2000,4,3021
3021,17/09/2000,2,3022
3022,18/09/2000,4,3023
3023,19/09/2000,2,3024
3024,20/09/2000,7,3025
3025,21/09/2000,6,3026
3026,22/09/2000,5,3027
3027,23/09/2000,6,3028
3028,24/09/2000,10,3029
3029,25/09/2000,7,3030
3030,26/09/2000,8,3031
3031,27/09/2000,7,3032
3032,28/09/2000,5,3033
3033,29/09/2000,3,3034
3034,30/09/2000,3,3035
3035,01/10/2000,7,3036
3036,02/10/2000,6,3037
3037,03/10/2000,3,3038
3038,04/10/2000,5,3039
3039,05/10/2000,3,3040
3040,06/10/2000,11,3041
3041,07/10/2000,11,3042
3042,08/10/2000,6,3043
3043,09/10/2000,2,3044
3044,10/10/2000,4,3045
3045,11/10/2000,4,3046
3046,12/10/2000,4,3047
3047,13/10/2000,3,3048
3048,14/10/2000,4,3049
3049,15/10/2000,6,3050
3050,16/10/2000,7,3051
3051,17/10/2000,7,3052
3052,18/10/2000,4,3053
3053,19/10/2000,8,3054
3054,20/10/2000,7,3055
3055,21/10/2000,3,3056
3056,22/10/2000,3,3057
3057,23/10/2000,5,3058
3058,24/10/2000,3,3059
3059,25/10/2000,2,3060
3060,26/10/2000,4,3061
3061,27/10/2000,6,3062
3062,28/10/2000,4,3063
3063,29/10/2000,6,3064
3064,30/10/2000,5,3065
3065,31/10/2000,3,3066
3066,01/11/2000,7,3067
3067,02/11/2000,2,3068
3068,03/11/2000,5,3069
3069,04/11/2000,4,3070
3070,05/11/2000,3,3071
3071,06/11/2000,3,3072
3072,07/11/2000,4,3073
3073,08/11/2000,1,3074
3074,09/11/2000,2,3075
3075,10/11/2000,3,3076
3076,11/11/2000,3,3077
3077,12/11/2000,4,3078
3078,13/11/2000,3,3079
3079,14/11/2000,2,3080
3080,15/11/2000,3,3081
3081,16/11/2000,6,3082
3082,19/11/2000,5,3083
3083,20/11/2000,1,3084
3084,21/11/2000,1,3085
3085,22/11/2000,3,3086
3086,23/11/2000,1,3087
3087,24/11/2000,1,3088
3088,25/11/2000,1,3089
3089,26/11/2000,2,3090
3090,27/11/2000,1,3091
3091,28/11/2000,3,3092
3092,29/11/2000,3,3093
3093,30/11/2000,4,3094
3094,01/12/2000,2,3095
3095,02/12/2000,2,3096
3096,03/12/2000,3,3097
3097,05/12/2000,1,3098
3098,06/12/2000,2,3099
3099,07/12/2000,1,3100
3100,09/12/2000,3,3101
3101,11/12/2000,3,3102
3102,12/12/2000,3,3103
3103,13/12/2000,2,3104
3104,14/12/2000,1,3105
3105,15/12/2000,2,3106
3106,16/12/2000,2,3107
3107,17/12/2000,2,3108
3108,18/12/2000,1,3109
3109,19/12/2000,2,3110
3110,20/12/2000,1,3111
3111,23/12/2000,3,3112
3112,25/12/2000,2,3113
3113,26/12/2000,2,3114
3114,27/12/2000,1,3115
3115,28/12/2000,2,3116
3116,30/12/2000,1,3117
3117,01/01/2001,1,3118
3118,02/01/2001,5,3119
3119,03/01/2001,1,3120
3120,05/01/2001,2,3121
3121,06/01/2001,2,3122
3122,07/01/2001,1,3123
3123,08/01/2001,2,3124
3124,09/01/2001,1,3125
3125,10/01/2001,3,3126
3126,11/01/2001,1,3127
3127,12/01/2001,1,3128
3128,13/01/2001,2,3129
3129,14/01/2001,1,3130
3130,15/01/2001,3,3131
3131,16/01/2001,4,3132
3132,17/01/2001,1,3133
3133,18/01/2001,2,3134
3134,20/01/2001,1,3135
3135,21/01/2001,3,3136
3136,23/01/2001,1,3137
3137,24/01/2001,2,3138
3138,25/01/2001,1,3139
3139,26/01/2001,1,3140
3140,27/01/2001,1,3141
3141,28/01/2001,3,3142
3142,29/01/2001,1,3143
3143,30/01/2001,1,3144
3144,31/01/2001,1,3145
3145,01/02/2001,2,3146
3146,02/02/2001,5,3147
3147,04/02/2001,2,3148
3148,05/02/2001,2,3149
3149,06/02/2001,2,3150
3150,07/02/2001,2,3151
3151,09/02/2001,1,3152
3152,10/02/2001,2,3153
3153,12/02/2001,4,3154
3154,14/02/2001,1,3155
3155,15/02/2001,1,3156
3156,16/02/2001,4,3157
3157,19/02/2001,4,3158
3158,20/02/2001,2,3159
3159,21/02/2001,2,3160
3160,23/02/2001,1,3161
3161,25/02/2001,2,3162
3162,26/02/2001,2,3163
3163,27/02/2001,4,3164
3164,28/02/2001,1,3165
3165,02/03/2001,2,3166
3166,03/03/2001,1,3167
3167,04/03/2001,2,3168
3168,05/03/2001,2,3169
3169,06/03/2001,4,3170
3170,07/03/2001,2,3171
3171,09/03/2001,2,3172
3172,11/03/2001,2,3173
3173,12/03/2001,3,3174
3174,13/03/2001,2,3175
3175,14/03/2001,2,3176
3176,17/03/2001,1,3177
3177,18/03/2001,1,3178
3178,19/03/2001,2,3179
3179,21/03/2001,3,3180
3180,22/03/2001,4,3181
3181,23/03/2001,4,3182
3182,24/03/2001,3,3183
3183,25/03/2001,4,3184
3184,27/03/2001,2,3185
3185,28/03/2001,4,3186
3186,29/03/2001,1,3187
3187,30/03/2001,2,3188
3188,31/03/2001,1,3189
3189,01/04/2001,2,3190
3190,02/04/2001,4,3191
3191,03/04/2001,7,3192
3192,04/04/2001,7,3193
3193,05/04/2001,9,3194
3194,06/04/2001,2,3195
3195,08/04/2001,4,3196
3196,09/04/2001,1,3197
3197,10/04/2001,3,3198
3198,11/04/2001,3,3199
3199,12/04/2001,4,3200
3200,13/04/2001,3,3201
3201,14/04/2001,3,3202
3202,15/04/2001,2,3203
3203,16/04/2001,1,3204
3204,17/04/2001,1,3205
3205,18/04/2001,6,3206
3206,19/04/2001,2,3207
3207,21/04/2001,3,3208
3208,22/04/2001,3,3209
3209,23/04/2001,3,3210
3210,24/04/2001,2,3211
3211,25/04/2001,3,3212
3212,26/04/2001,2,3213
3213,27/04/2001,6,3214
3214,28/04/2001,3,3215
3215,29/04/2001,1,3216
3216,30/04/2001,2,3217
3217,01/05/2001,7,3218
3218,02/05/2001,3,3219
3219,03/05/2001,3,3220
3220,04/05/2001,2,3221
3221,05/05/2001,3,3222
3222,06/05/2001,1,3223
3223,07/05/2001,2,3224
3224,08/05/2001,8,3225
3225,09/05/2001,2,3226
3226,10/05/2001,1,3227
3227,11/05/2001,3,3228
3228,12/05/2001,3,3229
3229,13/05/2001,2,3230
3230,14/05/2001,3,3231
3231,15/05/2001,3,3232
3232,16/05/2001,4,3233
3233,17/05/2001,9,3234
3234,18/05/2001,1,3235
3235,19/05/2001,1,3236
3236,20/05/2001,2,3237
3237,21/05/2001,3,3238
3238,22/05/2001,4,3239
3239,23/05/2001,4,3240
3240,24/05/2001,4,3241
3241,25/05/2001,1,3242
3242,26/05/2001,1,3243
3243,27/05/2001,1,3244
3244,28/05/2001,4,3245
3245,29/05/2001,1,3246
3246,30/05/2001,3,3247
3247,31/05/2001,5,3248
3248,01/06/2001,3,3249
3249,02/06/2001,1,3250
3250,03/06/2001,5,3251
3251,04/06/2001,1,3252
3252,05/06/2001,2,3253
3253,06/06/2001,6,3254
3254,07/06/2001,1,3255
3255,08/06/2001,3,3256
3256,10/06/2001,3,3257
3257,11/06/2001,3,3258
3258,12/06/2001,4,3259
3259,13/06/2001,5,3260
3260,14/06/2001,4,3261
3261,16/06/2001,3,3262
3262,17/06/2001,1,3263
3263,19/06/2001,2,3264
3264,20/06/2001,3,3265
3265,21/06/2001,1,3266
3266,22/06/2001,5,3267
3267,23/06/2001,1,3268
3268,24/06/2001,5,3269
3269,25/06/2001,4,3270
3270,26/06/2001,5,3271
3271,27/06/2001,2,3272
3272,28/06/2001,5,3273
3273,29/06/2001,3,3274
3274,30/06/2001,1,3275
3275,01/07/2001,2,3276
3276,02/07/2001,3,3277
3277,03/07/2001,1,3278
3278,04/07/2001,2,3279
3279,05/07/2001,5,3280
3280,06/07/2001,3,3281
3281,07/07/2001,6,3282
3282,08/07/2001,5,3283
3283,09/07/2001,6,3284
3284,10/07/2001,3,3285
3285,11/07/2001,4,3286
3286,12/07/2001,4,3287
3287,13/07/2001,4,3288
3288,14/07/2001,4,3289
3289,16/07/2001,7,3290
3290,17/07/2001,8,3291
3291,18/07/2001,2,3292
3292,19/07/2001,7,3293
3293,20/07/2001,2,3294
3294,21/07/2001,2,3295
3295,22/07/2001,3,3296
3296,23/07/2001,10,3297
3297,24/07/2001,8,3298
3298,25/07/2001,2,3299
3299,26/07/2001,7,3300
3300,27/07/2001,7,3301
3301,28/07/2001,4,3302
3302,29/07/2001,5,3303
3303,30/07/2001,10,3304
3304,31/07/2001,8,3305
3305,02/08/2001,10,3306
3306,03/08/2001,7,3307
3307,04/08/2001,3,3308
3308,05/08/2001,4,3309
3309,06/08/2001,1,3310
3310,07/08/2001,5,3311
3311,08/08/2001,9,3312
3312,09/08/2001,5,3313
3313,10/08/2001,2,3314
3314,11/08/2001,2,3315
3315,12/08/2001,6,3316
3316,13/08/2001,8,3317
3317,14/08/2001,8,3318
3318,15/08/2001,7,3319
3319,16/08/2001,5,3320
3320,17/08/2001,8,3321
3321,18/08/2001,3,3322
3322,19/08/2001,3,3323
3323,20/08/2001,5,3324
3324,21/08/2001,6,3325
3325,22/08/2001,8,3326
3326,23/08/2001,6,3327
3327,24/08/2001,4,3328
3328,25/08/2001,5,3329
3329,26/08/2001,3,3330
3330,27/08/2001,4,3331
3331,28/08/2001,6,3332
3332,29/08/2001,9,3333
3333,30/08/2001,9,3334
3334,31/08/2001,7,3335
3335,01/09/2001,6,3336
3336,02/09/2001,5,3337
3337,03/09/2001,9,3338
3338,04/09/2001,6,3339
3339,05/09/2001,4,3340
3340,06/09/2001,5,3341
3341,07/09/2001,3,3342
3342,08/09/2001,4,3343
3343,09/09/2001,6,3344
3344,10/09/2001,4,3345
3345,11/09/2001,4,3346
3346,13/09/2001,2,3347
3347,14/09/2001,2,3348
3348,15/09/2001,4,3349
3349,16/09/2001,5,3350
3350,17/09/2001,3,3351
3351,18/09/2001,2,3352
3352,19/09/2001,7,3353
3353,20/09/2001,4,3354
3354,21/09/2001,5,3355
3355,22/09/2001,4,3356
3356,23/09/2001,2,3357
3357,24/09/2001,6,3358
3358,25/09/2001,6,3359
3359,26/09/2001,3,3360
3360,27/09/2001,3,3361
3361,28/09/2001,5,3362
3362,29/09/2001,8,3363
3363,30/09/2001,3,3364
3364,01/10/2001,5,3365
3365,02/10/2001,7,3366
3366,03/10/2001,7,3367
3367,04/10/2001,4,3368
3368,05/10/2001,7,3369
3369,06/10/2001,6,3370
3370,07/10/2001,3,3371
3371,08/10/2001,4,3372
3372,09/10/2001,1,3373
3373,10/10/2001,3,3374
3374,11/10/2001,3,3375
3375,12/10/2001,2,3376
3376,13/10/2001,5,3377
3377,14/10/2001,2,3378
3378,15/10/2001,6,3379
3379,16/10/2001,3,3380
3380,17/10/2001,3,3381
3381,18/10/2001,6,3382
3382,19/10/2001,3,3383
3383,20/10/2001,3,3384
3384,21/10/2001,2,3385
3385,22/10/2001,4,3386
3386,23/10/2001,3,3387
3387,24/10/2001,8,3388
3388,25/10/2001,7,3389
3389,26/10/2001,5,3390
3390,27/10/2001,5,3391
3391,28/10/2001,5,3392
3392,29/10/2001,3,3393
3393,30/10/2001,4,3394
3394,31/10/2001,1,3395
3395,01/11/2001,2,3396
3396,02/11/2001,3,3397
3397,03/11/2001,3,3398
3398,04/11/2001,4,3399
3399,05/11/2001,6,3400
3400,06/11/2001,1,3401
3401,07/11/2001,4,3402
3402,08/11/2001,3,3403
3403,09/11/2001,5,3404
3404,10/11/2001,1,3405
3405,11/11/2001,2,3406
3406,12/11/2001,1,3407
3407,13/11/2001,3,3408
3408,14/11/2001,2,3409
3409,15/11/2001,2,3410
3410,16/11/2001,2,3411
3411,17/11/2001,1,3412
3412,19/11/2001,4,3413
3413,20/11/2001,2,3414
3414,21/11/2001,2,3415
3415,22/11/2001,1,3416
3416,25/11/2001,2,3417
3417,26/11/2001,1,3418
3418,28/11/2001,1,3419
3419,29/11/2001,1,3420
3420,30/11/2001,1,3421
3421,01/12/2001,3,3422
3422,03/12/2001,1,3423
3423,04/12/2001,4,3424
3424,05/12/2001,3,3425
3425,06/12/2001,3,3426
3426,08/12/2001,3,3427
3427,11/12/2001,3,3428
3428,12/12/2001,2,3429
3429,14/12/2001,2,3430
3430,15/12/2001,1,3431
3431,16/12/2001,3,3432
3432,17/12/2001,2,3433
3433,18/12/2001,2,3434
3434,19/12/2001,3,3435
3435,22/12/2001,1,3436
3436,23/12/2001,2,3437
3437,24/12/2001,2,3438
3438,28/12/2001,1,3439
3439,29/12/2001,1,3440
3440,31/12/2001,2,3441
3441,01/01/2002,1,3442
3442,02/01/2002,3,3443
3443,04/01/2002,2,3444
3444,05/01/2002,1,3445
3445,06/01/2002,2,3446
3446,07/01/2002,1,3447
3447,08/01/2002,3,3448
3448,09/01/2002,1,3449
3449,10/01/2002,3,3450
3450,11/01/2002,2,3451
3451,12/01/2002,1,3452
3452,13/01/2002,4,3453
3453,14/01/2002,2,3454
3454,15/01/2002,1,3455
3455,16/01/2002,1,3456
3456,17/01/2002,1,3457
3457,18/01/2002,1,3458
3458,20/01/2002,3,3459
3459,22/01/2002,2,3460
3460,23/01/2002,3,3461
3461,24/01/2002,1,3462
3462,26/01/2002,1,3463
3463,27/01/2002,2,3464
3464,28/01/2002,1,3465
3465,29/01/2002,3,3466
3466,01/02/2002,1,3467
3467,02/02/2002,1,3468
3468,04/02/2002,1,3469
3469,05/02/2002,2,3470
3470,06/02/2002,2,3471
3471,07/02/2002,1,3472
3472,08/02/2002,2,3473
3473,09/02/2002,3,3474
3474,10/02/2002,1,3475
3475,12/02/2002,1,3476
3476,14/02/2002,3,3477
3477,15/02/2002,2,3478
3478,17/02/2002,1,3479
3479,18/02/2002,1,3480
3480,19/02/2002,1,3481
3481,20/02/2002,1,3482
3482,21/02/2002,4,3483
3483,22/02/2002,1,3484
3484,24/02/2002,2,3485
3485,26/02/2002,1,3486
3486,28/02/2002,1,3487
3487,01/03/2002,1,3488
3488,02/03/2002,1,3489
3489,03/03/2002,2,3490
3490,06/03/2002,2,3491
3491,07/03/2002,2,3492
3492,09/03/2002,2,3493
3493,11/03/2002,4,3494
3494,12/03/2002,1,3495
3495,14/03/2002,4,3496
3496,15/03/2002,3,3497
3497,16/03/2002,3,3498
3498,18/03/2002,1,3499
3499,19/03/2002,1,3500
3500,21/03/2002,4,3501
3501,22/03/2002,2,3502
3502,23/03/2002,1,3503
3503,25/03/2002,3,3504
3504,26/03/2002,1,3505
3505,27/03/2002,4,3506
3506,28/03/2002,6,3507
3507,29/03/2002,4,3508
3508,30/03/2002,2,3509
3509,31/03/2002,5,3510
3510,01/04/2002,7,3511
3511,02/04/2002,5,3512
3512,03/04/2002,5,3513
3513,04/04/2002,4,3514
3514,06/04/2002,2,3515
3515,07/04/2002,3,3516
3516,08/04/2002,2,3517
3517,09/04/2002,2,3518
3518,10/04/2002,4,3519
3519,11/04/2002,2,3520
3520,12/04/2002,3,3521
3521,13/04/2002,1,3522
3522,14/04/2002,5,3523
3523,15/04/2002,4,3524
3524,16/04/2002,6,3525
3525,17/04/2002,2,3526
3526,18/04/2002,2,3527
3527,19/04/2002,1,3528
3528,20/04/2002,2,3529
3529,21/04/2002,2,3530
3530,22/04/2002,3,3531
3531,23/04/2002,7,3532
3532,24/04/2002,5,3533
3533,25/04/2002,6,3534
3534,26/04/2002,2,3535
3535,27/04/2002,3,3536
3536,28/04/2002,4,3537
3537,29/04/2002,2,3538
3538,30/04/2002,6,3539
3539,01/05/2002,8,3540
3540,02/05/2002,6,3541
3541,03/05/2002,8,3542
3542,04/05/2002,3,3543
3543,05/05/2002,6,3544
3544,06/05/2002,2,3545
3545,07/05/2002,7,3546
3546,08/05/2002,6,3547
3547,09/05/2002,7,3548
3548,10/05/2002,5,3549
3549,11/05/2002,3,3550
3550,12/05/2002,7,3551
3551,13/05/2002,6,3552
3552,14/05/2002,5,3553
3553,15/05/2002,5,3554
3554,16/05/2002,9,3555
3555,17/05/2002,4,3556
3556,18/05/2002,2,3557
3557,19/05/2002,9,3558
3558,20/05/2002,7,3559
3559,21/05/2002,7,3560
3560,22/05/2002,6,3561
3561,23/05/2002,5,3562
3562,24/05/2002,5,3563
3563,25/05/2002,3,3564
3564,26/05/2002,1,3565
3565,27/05/2002,3,3566
3566,28/05/2002,4,3567
3567,29/05/2002,5,3568
3568,30/05/2002,5,3569
3569,31/05/2002,4,3570
3570,01/06/2002,4,3571
3571,02/06/2002,3,3572
3572,03/06/2002,1,3573
3573,04/06/2002,3,3574
3574,05/06/2002,2,3575
3575,06/06/2002,1,3576
3576,07/06/2002,4,3577
3577,08/06/2002,7,3578
3578,09/06/2002,2,3579
3579,10/06/2002,5,3580
3580,11/06/2002,1,3581
3581,12/06/2002,7,3582
3582,13/06/2002,2,3583
3583,14/06/2002,1,3584
3584,15/06/2002,3,3585
3585,16/06/2002,2,3586
3586,17/06/2002,5,3587
3587,18/06/2002,5,3588
3588,19/06/2002,9,3589
3589,20/06/2002,1,3590
3590,21/06/2002,2,3591
3591,22/06/2002,6,3592
3592,23/06/2002,4,3593
3593,24/06/2002,5,3594
3594,25/06/2002,4,3595
3595,26/06/2002,8,3596
3596,27/06/2002,4,3597
3597,28/06/2002,3,3598
3598,29/06/2002,2,3599
3599,30/06/2002,3,3600
3600,01/07/2002,2,3601
3601,02/07/2002,5,3602
3602,03/07/2002,6,3603
3603,04/07/2002,1,3604
3604,05/07/2002,4,3605
3605,06/07/2002,3,3606
3606,07/07/2002,5,3607
3607,08/07/2002,5,3608
3608,09/07/2002,5,3609
3609,10/07/2002,2,3610
3610,11/07/2002,7,3611
3611,12/07/2002,2,3612
3612,13/07/2002,4,3613
3613,14/07/2002,4,3614
3614,15/07/2002,6,3615
3615,16/07/2002,4,3616
3616,17/07/2002,6,3617
3617,18/07/2002,5,3618
3618,19/07/2002,7,3619
3619,20/07/2002,7,3620
3620,21/07/2002,4,3621
3621,22/07/2002,5,3622
3622,23/07/2002,7,3623
3623,24/07/2002,7,3624
3624,25/07/2002,2,3625
